angle,date,hour,power
38,2024-03-21,6,
38,2024-03-21,7,32.94035671206301
38,2024-03-21,8,70.99186374435294
38,2024-03-21,9,93.45949251418426
38,2024-03-21,10,168.63356144173986
38,2024-03-21,11,229.3009964922977
38,2024-03-21,12,252.94236044226903
38,2024-03-21,13,234.28923271509322
38,2024-03-21,14,165.28618186781603
38,2024-03-21,15,110.29009210948982
38,2024-03-21,16,44.16981034721033
38,2024-03-21,17,16.45206979202862
38,2024-03-21,18,0.0
38,2024-03-21,19,
38,2024-03-21,20,
38,2024-03-21,21,
38,2024-03-22,6,
38,2024-03-22,7,44.99398022359218
38,2024-03-22,8,132.66448375990436
38,2024-03-22,9,200.67376508064504
38,2024-03-22,10,242.94290010398203
38,2024-03-22,11,257.3190572574875
38,2024-03-22,12,259.6658127842302
38,2024-03-22,13,228.4375386798373
38,2024-03-22,14,203.8194154956484
38,2024-03-22,15,203.16054328925603
38,2024-03-22,16,95.15606885296691
38,2024-03-22,17,61.78265401923548
38,2024-03-22,18,0.0
38,2024-03-22,19,
38,2024-03-22,20,
38,2024-03-22,21,
38,2024-03-23,6,
38,2024-03-23,7,47.06754108092463
38,2024-03-23,8,142.2075712910976
38,2024-03-23,9,221.38497954949875
38,2024-03-23,10,277.53753821432196
38,2024-03-23,11,307.8889966053579
38,2024-03-23,12,325.69136019544834
38,2024-03-23,13,310.9707110600786
38,2024-03-23,14,285.0040874500032
38,2024-03-23,15,244.08863938439038
38,2024-03-23,16,158.77856785336144
38,2024-03-23,17,52.609673743640876
38,2024-03-23,18,0.0
38,2024-03-23,19,
38,2024-03-23,20,
38,2024-03-23,21,
38,2024-03-24,6,
38,2024-03-24,7,27.650925307981552
38,2024-03-24,8,0.0
38,2024-03-24,9,35.47293246615797
38,2024-03-24,10,46.466949123677125
38,2024-03-24,11,58.68048074544756
38,2024-03-24,12,81.95519687183841
38,2024-03-24,13,40.77196886607199
38,2024-03-24,14,33.3314880051981
38,2024-03-24,15,67.14211823370934
38,2024-03-24,16,84.22035844421072
38,2024-03-24,17,35.69786719195487
38,2024-03-24,18,0.0
38,2024-03-24,19,0.0
38,2024-03-24,20,
38,2024-03-24,21,
38,2024-03-25,6,
38,2024-03-25,7,21.624290741263998
38,2024-03-25,8,33.547575976409206
38,2024-03-25,9,104.58203692940974
38,2024-03-25,10,145.048877517726
38,2024-03-25,11,180.20532520506902
38,2024-03-25,12,165.74975938767034
38,2024-03-25,13,230.78253758642597
38,2024-03-25,14,162.5562323328619
38,2024-03-25,15,78.26975677902136
38,2024-03-25,16,28.26236267622233
38,2024-03-25,17,10.285070387981756
38,2024-03-25,18,0.0
38,2024-03-25,19,0.0
38,2024-03-25,20,
38,2024-03-25,21,
38,2024-03-26,6,
38,2024-03-26,7,28.632525687053665
38,2024-03-26,8,31.538199104971635
38,2024-03-26,9,103.07577216757514
38,2024-03-26,10,107.8094182375242
38,2024-03-26,11,175.25669841899924
38,2024-03-26,12,219.03656775031214
38,2024-03-26,13,79.66078060387386
38,2024-03-26,14,116.65206714397694
38,2024-03-26,15,46.33524104617219
38,2024-03-26,16,47.38599566006622
38,2024-03-26,17,19.178894972388687
38,2024-03-26,18,0.0
38,2024-03-26,19,0.0
38,2024-03-26,20,
38,2024-03-26,21,
38,2024-03-27,6,
38,2024-03-27,7,17.440236583609
38,2024-03-27,8,58.650163631110466
38,2024-03-27,9,208.10988918506584
38,2024-03-27,10,210.2566980710684
38,2024-03-27,11,167.24109675255644
38,2024-03-27,12,231.72248187460974
38,2024-03-27,13,39.55532453991524
38,2024-03-27,14,28.34258555114775
38,2024-03-27,15,160.835606071816
38,2024-03-27,16,16.13395116156714
38,2024-03-27,17,59.42958860488729
38,2024-03-27,18,0.0
38,2024-03-27,19,0.0
38,2024-03-27,20,
38,2024-03-27,21,
38,2024-03-28,6,
38,2024-03-28,7,41.7553834448362
38,2024-03-28,8,84.75429595808941
38,2024-03-28,9,74.15723561866821
38,2024-03-28,10,46.91160400330248
38,2024-03-28,11,162.82291832755791
38,2024-03-28,12,43.98104917896035
38,2024-03-28,13,312.396962303183
38,2024-03-28,14,131.44564388502204
38,2024-03-28,15,157.52626045194174
38,2024-03-28,16,80.9578460210336
38,2024-03-28,17,28.752587505464945
38,2024-03-28,18,0.0
38,2024-03-28,19,0.0
38,2024-03-28,20,
38,2024-03-28,21,
38,2024-03-29,6,
38,2024-03-29,7,27.95213464587058
38,2024-03-29,8,86.84227425243563
38,2024-03-29,9,118.10421885163959
38,2024-03-29,10,174.08943397768437
38,2024-03-29,11,76.48095582852815
38,2024-03-29,12,66.02840184310675
38,2024-03-29,13,47.145216411359414
38,2024-03-29,14,90.73472152721621
38,2024-03-29,15,76.37754551478173
38,2024-03-29,16,0.0
38,2024-03-29,17,24.140089700735583
38,2024-03-29,18,0.0
38,2024-03-29,19,0.0
38,2024-03-29,20,
38,2024-03-29,21,
38,2024-03-30,6,
38,2024-03-30,7,24.538467245615344
38,2024-03-30,8,35.072603670537646
38,2024-03-30,9,80.86694098976402
38,2024-03-30,10,56.69036519130287
38,2024-03-30,11,80.4862537309472
38,2024-03-30,12,108.87177020508196
38,2024-03-30,13,108.5574885169255
38,2024-03-30,14,74.44786076946488
38,2024-03-30,15,39.31725758509144
38,2024-03-30,16,23.107429817622535
38,2024-03-30,17,15.805950652807853
38,2024-03-30,18,0.0
38,2024-03-30,19,0.0
38,2024-03-30,20,
38,2024-03-30,21,
38,2024-03-31,6,
38,2024-03-31,7,
38,2024-03-31,8,48.6437331078531
38,2024-03-31,9,55.32029165111816
38,2024-03-31,10,43.20920510481221
38,2024-03-31,11,114.26770386107066
38,2024-03-31,12,198.9931281013175
38,2024-03-31,13,69.63100706136868
38,2024-03-31,14,85.9601460557898
38,2024-03-31,15,37.4846281007743
38,2024-03-31,16,73.62123072416625
38,2024-03-31,17,99.59764590682875
38,2024-03-31,18,0.0
38,2024-03-31,19,0.0
38,2024-03-31,20,0.0
38,2024-03-31,21,
38,2024-04-01,6,
38,2024-04-01,7,
38,2024-04-01,8,29.209274951354125
38,2024-04-01,9,30.121968872246335
38,2024-04-01,10,121.33302416814385
38,2024-04-01,11,195.80241633583486
38,2024-04-01,12,94.83816665254513
38,2024-04-01,13,55.66586346283334
38,2024-04-01,14,65.50349591398619
38,2024-04-01,15,19.850493403629397
38,2024-04-01,16,32.54361077454871
38,2024-04-01,17,12.364763246256807
38,2024-04-01,18,0.0
38,2024-04-01,19,0.0
38,2024-04-01,20,0.0
38,2024-04-01,21,
38,2024-04-02,6,
38,2024-04-02,7,
38,2024-04-02,8,80.70573972415139
38,2024-04-02,9,181.29581378371262
38,2024-04-02,10,246.24290270199145
38,2024-04-02,11,198.99654730994766
38,2024-04-02,12,231.12652167213764
38,2024-04-02,13,237.5266216896481
38,2024-04-02,14,248.28242285533483
38,2024-04-02,15,240.4744243668973
38,2024-04-02,16,178.54572352837283
38,2024-04-02,17,96.52638257948676
38,2024-04-02,18,0.0
38,2024-04-02,19,0.0
38,2024-04-02,20,0.0
38,2024-04-02,21,
38,2024-04-03,6,
38,2024-04-03,7,
38,2024-04-03,8,34.68837604682869
38,2024-04-03,9,51.5094560647742
38,2024-04-03,10,54.92024277719818
38,2024-04-03,11,54.77449740346806
38,2024-04-03,12,91.19432123781945
38,2024-04-03,13,188.3056241099912
38,2024-04-03,14,296.66685257413053
38,2024-04-03,15,243.50467381314715
38,2024-04-03,16,177.50773825132367
38,2024-04-03,17,97.93493262973448
38,2024-04-03,18,0.0
38,2024-04-03,19,0.0
38,2024-04-03,20,0.0
38,2024-04-03,21,
38,2024-04-04,6,
38,2024-04-04,7,
38,2024-04-04,8,79.29442660006129
38,2024-04-04,9,177.23477408286922
38,2024-04-04,10,240.40043883985345
38,2024-04-04,11,232.7362163146322
38,2024-04-04,12,269.2316595622184
38,2024-04-04,13,254.50641608561727
38,2024-04-04,14,209.9776889772894
38,2024-04-04,15,121.21240294094221
38,2024-04-04,16,162.51732442132635
38,2024-04-04,17,69.95154692436162
38,2024-04-04,18,0.0
38,2024-04-04,19,0.0
38,2024-04-04,20,0.0
38,2024-04-04,21,
38,2024-04-05,6,
38,2024-04-05,7,
38,2024-04-05,8,21.114452606675222
38,2024-04-05,9,84.72998332160222
38,2024-04-05,10,165.09444621678412
38,2024-04-05,11,212.98130161405862
38,2024-04-05,12,207.5769779665947
38,2024-04-05,13,172.36663733402736
38,2024-04-05,14,168.81665038501137
38,2024-04-05,15,132.675283244945
38,2024-04-05,16,42.8117450555046
38,2024-04-05,17,19.148822310680472
38,2024-04-05,18,0.0
38,2024-04-05,19,0.0
38,2024-04-05,20,0.0
38,2024-04-05,21,
38,2024-04-06,6,
38,2024-04-06,7,
38,2024-04-06,8,32.48340277018972
38,2024-04-06,9,57.578649968777256
38,2024-04-06,10,64.29903002122413
38,2024-04-06,11,119.85275747746454
38,2024-04-06,12,86.9812336903004
38,2024-04-06,13,107.26914181736791
38,2024-04-06,14,111.14720714664783
38,2024-04-06,15,135.9784552536877
38,2024-04-06,16,93.99117815203861
38,2024-04-06,17,58.52688660163811
38,2024-04-06,18,0.0
38,2024-04-06,19,0.0
38,2024-04-06,20,0.0
38,2024-04-06,21,
38,2024-04-07,6,
38,2024-04-07,7,
38,2024-04-07,8,79.98844727304649
38,2024-04-07,9,103.7277754660851
38,2024-04-07,10,97.94465998104354
38,2024-04-07,11,69.02125605032195
38,2024-04-07,12,56.406980848216435
38,2024-04-07,13,55.76578064774392
38,2024-04-07,14,78.85908223301453
38,2024-04-07,15,104.93369100557982
38,2024-04-07,16,75.50788081028168
38,2024-04-07,17,40.17516919389102
38,2024-04-07,18,0.0
38,2024-04-07,19,0.0
38,2024-04-07,20,0.0
38,2024-04-07,21,
38,2024-04-08,6,
38,2024-04-08,7,
38,2024-04-08,8,77.94009041881503
38,2024-04-08,9,165.30795341784483
38,2024-04-08,10,242.12133179909827
38,2024-04-08,11,283.5952250586374
38,2024-04-08,12,302.0941600732348
38,2024-04-08,13,319.2848851055639
38,2024-04-08,14,316.6238252844184
38,2024-04-08,15,255.2736962872412
38,2024-04-08,16,181.63809101386593
38,2024-04-08,17,88.56433259812046
38,2024-04-08,18,0.0
38,2024-04-08,19,0.0
38,2024-04-08,20,0.0
38,2024-04-08,21,
38,2024-04-09,6,
38,2024-04-09,7,
38,2024-04-09,8,80.02218948142992
38,2024-04-09,9,180.36074434832267
38,2024-04-09,10,257.383869886153
38,2024-04-09,11,297.0446623032354
38,2024-04-09,12,303.65720629523014
38,2024-04-09,13,308.0984875826345
38,2024-04-09,14,319.98958653802
38,2024-04-09,15,264.02216347899025
38,2024-04-09,16,193.3661931826009
38,2024-04-09,17,105.45186582953613
38,2024-04-09,18,0.6608895322701684
38,2024-04-09,19,0.0
38,2024-04-09,20,0.0
38,2024-04-09,21,
38,2024-04-10,6,
38,2024-04-10,7,14.334879691829048
38,2024-04-10,8,43.724381722664724
38,2024-04-10,9,48.01464722137453
38,2024-04-10,10,35.654637292681535
38,2024-04-10,11,115.07318710420232
38,2024-04-10,12,149.6996617760885
38,2024-04-10,13,131.60893599906473
38,2024-04-10,14,115.01574772240922
38,2024-04-10,15,129.84179702434903
38,2024-04-10,16,95.00236798775529
38,2024-04-10,17,94.71133125556707
38,2024-04-10,18,0.9505818367734986
38,2024-04-10,19,0.0
38,2024-04-10,20,0.0
38,2024-04-10,21,
38,2024-04-11,6,
38,2024-04-11,7,28.62589265648826
38,2024-04-11,8,62.51254659432862
38,2024-04-11,9,171.0035063846985
38,2024-04-11,10,223.09234804007662
38,2024-04-11,11,131.33761436350022
38,2024-04-11,12,186.54993245263108
38,2024-04-11,13,25.841514622316417
38,2024-04-11,14,157.26994673142468
38,2024-04-11,15,112.27087599932521
38,2024-04-11,16,116.62952540592406
38,2024-04-11,17,76.38131241674098
38,2024-04-11,18,1.2577148490204
38,2024-04-11,19,0.0
38,2024-04-11,20,0.0
38,2024-04-11,21,
38,2024-04-12,6,
38,2024-04-12,7,66.84237886915638
38,2024-04-12,8,56.058831682685195
38,2024-04-12,9,100.67289404861607
38,2024-04-12,10,121.69563213608
38,2024-04-12,11,116.01296238254136
38,2024-04-12,12,107.88009216144854
38,2024-04-12,13,106.035828524418
38,2024-04-12,14,105.45162654962651
38,2024-04-12,15,72.97047152470498
38,2024-04-12,16,32.72180443369869
38,2024-04-12,17,16.426349233411756
38,2024-04-12,18,0.627855965047213
38,2024-04-12,19,0.0
38,2024-04-12,20,0.0
38,2024-04-12,21,
38,2024-04-13,6,
38,2024-04-13,7,40.14388677023576
38,2024-04-13,8,46.9677370050771
38,2024-04-13,9,100.26197825184192
38,2024-04-13,10,158.70519637453356
38,2024-04-13,11,205.54039248262995
38,2024-04-13,12,154.98381097590106
38,2024-04-13,13,204.8070777464285
38,2024-04-13,14,251.89798288902006
38,2024-04-13,15,220.4899110305963
38,2024-04-13,16,183.24384006366066
38,2024-04-13,17,117.93577121480831
38,2024-04-13,18,4.641160923425259
38,2024-04-13,19,0.0
38,2024-04-13,20,0.0
38,2024-04-13,21,
38,2024-04-14,6,
38,2024-04-14,7,26.467592713622754
38,2024-04-14,8,46.90936834824969
38,2024-04-14,9,67.2419080297308
38,2024-04-14,10,66.65290490815835
38,2024-04-14,11,28.89277261250109
38,2024-04-14,12,42.97643206668313
38,2024-04-14,13,73.82972244355632
38,2024-04-14,14,56.868648347480814
38,2024-04-14,15,120.96180902130565
38,2024-04-14,16,70.77673460138244
38,2024-04-14,17,38.516766518174556
38,2024-04-14,18,14.594939098735878
38,2024-04-14,19,0.0
38,2024-04-14,20,0.0
38,2024-04-14,21,
38,2024-04-15,6,
38,2024-04-15,7,13.63904810420203
38,2024-04-15,8,30.73206013940027
38,2024-04-15,9,82.6382878025127
38,2024-04-15,10,35.92272237136111
38,2024-04-15,11,69.56235778847756
38,2024-04-15,12,140.5911662843739
38,2024-04-15,13,106.97257397673889
38,2024-04-15,14,49.33057838960008
38,2024-04-15,15,108.53661869707972
38,2024-04-15,16,73.68602152763974
38,2024-04-15,17,97.04255409509399
38,2024-04-15,18,7.713083748687389
38,2024-04-15,19,0.0
38,2024-04-15,20,0.0
38,2024-04-15,21,
38,2024-04-16,6,
38,2024-04-16,7,30.98185767185801
38,2024-04-16,8,51.62678456720684
38,2024-04-16,9,91.46300330407007
38,2024-04-16,10,169.44181695401616
38,2024-04-16,11,147.64063130703295
38,2024-04-16,12,200.56301301386117
38,2024-04-16,13,184.9769596643109
38,2024-04-16,14,126.06651484811097
38,2024-04-16,15,109.97143264863308
38,2024-04-16,16,77.84772936844135
38,2024-04-16,17,13.6531281390674
38,2024-04-16,18,0.6192914078381208
38,2024-04-16,19,0.0
38,2024-04-16,20,0.0
38,2024-04-16,21,
38,2024-04-17,6,
38,2024-04-17,7,24.372190070916705
38,2024-04-17,8,63.14767990025943
38,2024-04-17,9,84.11203250103067
38,2024-04-17,10,101.42114253687667
38,2024-04-17,11,186.4725546453299
38,2024-04-17,12,255.1369511702328
38,2024-04-17,13,221.40257945812914
38,2024-04-17,14,262.6576326434613
38,2024-04-17,15,220.74047526176818
38,2024-04-17,16,160.1579621684504
38,2024-04-17,17,58.664746054829735
38,2024-04-17,18,26.95397284546827
38,2024-04-17,19,0.0
38,2024-04-17,20,0.0
38,2024-04-17,21,
38,2024-04-18,6,
38,2024-04-18,7,38.05688208336014
38,2024-04-18,8,59.15445917196759
38,2024-04-18,9,158.12466130649813
38,2024-04-18,10,161.20426385883684
38,2024-04-18,11,135.4111995188956
38,2024-04-18,12,131.6914371260608
38,2024-04-18,13,247.72286753197375
38,2024-04-18,14,262.043810833097
38,2024-04-18,15,119.39491621922275
38,2024-04-18,16,221.25379633602338
38,2024-04-18,17,137.35762895472183
38,2024-04-18,18,11.341251640326742
38,2024-04-18,19,0.0
38,2024-04-18,20,0.0
38,2024-04-18,21,
38,2024-04-19,6,
38,2024-04-19,7,33.715493591432995
38,2024-04-19,8,80.51765149083955
38,2024-04-19,9,180.85682112092405
38,2024-04-19,10,202.8409728929559
38,2024-04-19,11,166.40958891392955
38,2024-04-19,12,188.73393920639705
38,2024-04-19,13,142.4058157063547
38,2024-04-19,14,205.15677374586306
38,2024-04-19,15,157.36600263739712
38,2024-04-19,16,105.819763644617
38,2024-04-19,17,134.619319736433
38,2024-04-19,18,22.222635084643755
38,2024-04-19,19,0.0
38,2024-04-19,20,0.0
38,2024-04-19,21,
38,2024-04-20,6,
38,2024-04-20,7,45.651188668385686
38,2024-04-20,8,84.36352128023915
38,2024-04-20,9,178.5297513511882
38,2024-04-20,10,252.46388501206698
38,2024-04-20,11,286.4166458164533
38,2024-04-20,12,302.9064241719255
38,2024-04-20,13,313.79339329062344
38,2024-04-20,14,322.60003271845176
38,2024-04-20,15,276.9745697508448
38,2024-04-20,16,207.3725199354135
38,2024-04-20,17,130.48250458294828
38,2024-04-20,18,22.925307181503747
38,2024-04-20,19,0.0
38,2024-04-20,20,0.0
38,2024-04-20,21,
38,2024-04-21,6,
38,2024-04-21,7,25.119704054911114
38,2024-04-21,8,51.177979110521974
38,2024-04-21,9,125.88584772124875
38,2024-04-21,10,166.24135470449158
38,2024-04-21,11,51.790710854356554
38,2024-04-21,12,67.88312878491827
38,2024-04-21,13,53.12290378787223
38,2024-04-21,14,38.1849768932318
38,2024-04-21,15,49.09180313693859
38,2024-04-21,16,39.14912445951053
38,2024-04-21,17,18.469430926780113
38,2024-04-21,18,2.737879178883051
38,2024-04-21,19,0.0
38,2024-04-21,20,0.0
38,2024-04-21,21,
38,2024-04-22,6,
38,2024-04-22,7,20.69000222511613
38,2024-04-22,8,69.02435943853123
38,2024-04-22,9,58.013479427556646
38,2024-04-22,10,78.63599230009498
38,2024-04-22,11,92.28082998871182
38,2024-04-22,12,159.89368127148498
38,2024-04-22,13,216.68949378517942
38,2024-04-22,14,169.81540570510788
38,2024-04-22,15,118.73810930197425
38,2024-04-22,16,91.13267727206663
38,2024-04-22,17,28.274635013620184
38,2024-04-22,18,9.345925133930702
38,2024-04-22,19,0.0
38,2024-04-22,20,0.0
38,2024-04-22,21,
38,2024-04-23,6,
38,2024-04-23,7,25.934272421498715
38,2024-04-23,8,81.96130903042908
38,2024-04-23,9,115.71440813695754
38,2024-04-23,10,83.54709828622309
38,2024-04-23,11,257.2917569252293
38,2024-04-23,12,46.50076290239916
38,2024-04-23,13,130.55777337496602
38,2024-04-23,14,169.92868526355443
38,2024-04-23,15,61.14584356423315
38,2024-04-23,16,40.31084329754266
38,2024-04-23,17,52.815021748069995
38,2024-04-23,18,20.357129905265783
38,2024-04-23,19,0.0
38,2024-04-23,20,0.0
38,2024-04-23,21,
38,2024-04-24,6,
38,2024-04-24,7,29.65296447559451
38,2024-04-24,8,57.43226202154245
38,2024-04-24,9,83.86321439834424
38,2024-04-24,10,139.27799625692157
38,2024-04-24,11,200.5265003660249
38,2024-04-24,12,224.09386247829912
38,2024-04-24,13,204.6656766288649
38,2024-04-24,14,128.1503717830526
38,2024-04-24,15,26.54379731962062
38,2024-04-24,16,21.23914795565159
38,2024-04-24,17,12.547915971426095
38,2024-04-24,18,5.001846062805482
38,2024-04-24,19,0.0
38,2024-04-24,20,0.0
38,2024-04-24,21,
38,2024-04-25,6,
38,2024-04-25,7,25.490417279892423
38,2024-04-25,8,75.96865925944309
38,2024-04-25,9,50.22346356661201
38,2024-04-25,10,252.17735208299996
38,2024-04-25,11,88.81025776144622
38,2024-04-25,12,0.0
38,2024-04-25,13,0.0
38,2024-04-25,14,277.9317516908396
38,2024-04-25,15,249.79440187225532
38,2024-04-25,16,127.91086418185007
38,2024-04-25,17,65.99996720288212
38,2024-04-25,18,17.735649559567204
38,2024-04-25,19,0.0
38,2024-04-25,20,0.0
38,2024-04-25,21,
38,2024-04-26,6,
38,2024-04-26,7,38.68019174919028
38,2024-04-26,8,71.69492319195773
38,2024-04-26,9,81.49770510762299
38,2024-04-26,10,74.7443441039443
38,2024-04-26,11,211.9814929237952
38,2024-04-26,12,94.65584940222865
38,2024-04-26,13,222.06770877352594
38,2024-04-26,14,244.08053763443036
38,2024-04-26,15,84.67301643457748
38,2024-04-26,16,15.337392382506867
38,2024-04-26,17,5.98367868341558
38,2024-04-26,18,56.40666001644801
38,2024-04-26,19,0.0
38,2024-04-26,20,0.0
38,2024-04-26,21,
38,2024-04-27,6,
38,2024-04-27,7,18.45416767074713
38,2024-04-27,8,60.666635987673516
38,2024-04-27,9,90.78345309527012
38,2024-04-27,10,197.02826602399685
38,2024-04-27,11,174.2520888241113
38,2024-04-27,12,38.779522195172696
38,2024-04-27,13,206.16221159831213
38,2024-04-27,14,36.09689934521987
38,2024-04-27,15,104.78027269289943
38,2024-04-27,16,202.92788045750737
38,2024-04-27,17,145.3580805987933
38,2024-04-27,18,52.27084194382886
38,2024-04-27,19,0.0
38,2024-04-27,20,0.0
38,2024-04-27,21,
38,2024-04-28,6,
38,2024-04-28,7,26.300188894052724
38,2024-04-28,8,21.829126080536035
38,2024-04-28,9,91.41545024807968
38,2024-04-28,10,154.73471943420276
38,2024-04-28,11,149.28418577930893
38,2024-04-28,12,130.05544138789145
38,2024-04-28,13,86.42898828906856
38,2024-04-28,14,101.64924370732902
38,2024-04-28,15,158.44256136835727
38,2024-04-28,16,66.35474499457692
38,2024-04-28,17,92.73987086466478
38,2024-04-28,18,52.77907120863835
38,2024-04-28,19,0.0
38,2024-04-28,20,0.0
38,2024-04-28,21,
38,2024-04-29,6,
38,2024-04-29,7,31.354203862067127
38,2024-04-29,8,83.87025929602109
38,2024-04-29,9,157.8924322607409
38,2024-04-29,10,78.5033093060487
38,2024-04-29,11,70.66287462053677
38,2024-04-29,12,49.93617171838558
38,2024-04-29,13,175.6667924538374
38,2024-04-29,14,243.2335882930092
38,2024-04-29,15,123.36669282770042
38,2024-04-29,16,84.82410656899921
38,2024-04-29,17,97.35052737118566
38,2024-04-29,18,39.68141412088349
38,2024-04-29,19,0.0
38,2024-04-29,20,0.0
38,2024-04-29,21,0.0
38,2024-04-30,6,
38,2024-04-30,7,41.064467420939295
38,2024-04-30,8,79.87487151288326
38,2024-04-30,9,144.79389227995284
38,2024-04-30,10,246.41375707663477
38,2024-04-30,11,287.26613486357166
38,2024-04-30,12,321.8002901278832
38,2024-04-30,13,302.3262808867112
38,2024-04-30,14,219.16578238630834
38,2024-04-30,15,188.77048465296522
38,2024-04-30,16,82.81532186315424
38,2024-04-30,17,65.28866704866635
38,2024-04-30,18,15.354597531624373
38,2024-04-30,19,0.0
38,2024-04-30,20,0.0
38,2024-04-30,21,0.0
38,2024-05-01,6,
38,2024-05-01,7,45.957390454663745
38,2024-05-01,8,85.59897863373257
38,2024-05-01,9,159.49627922740808
38,2024-05-01,10,153.71374791195132
38,2024-05-01,11,71.13749956010011
38,2024-05-01,12,159.37113895148428
38,2024-05-01,13,80.41675347341867
38,2024-05-01,14,82.3872135365543
38,2024-05-01,15,173.0592199261456
38,2024-05-01,16,83.31903631093684
38,2024-05-01,17,41.52105241075118
38,2024-05-01,18,23.58687331258849
38,2024-05-01,19,0.0
38,2024-05-01,20,0.0
38,2024-05-01,21,0.0
38,2024-05-02,6,
38,2024-05-02,7,22.278529201929256
38,2024-05-02,8,36.64948485376118
38,2024-05-02,9,66.78446958846243
38,2024-05-02,10,147.58401849076557
38,2024-05-02,11,162.5777564915312
38,2024-05-02,12,35.9306090171181
38,2024-05-02,13,66.92906201492856
38,2024-05-02,14,24.21210645074199
38,2024-05-02,15,141.8924399505474
38,2024-05-02,16,41.164820630561934
38,2024-05-02,17,33.386371929340754
38,2024-05-02,18,16.443165809357414
38,2024-05-02,19,0.0
38,2024-05-02,20,0.0
38,2024-05-02,21,0.0
38,2024-05-03,6,
38,2024-05-03,7,21.379546930277876
38,2024-05-03,8,24.016904792236787
38,2024-05-03,9,44.24645795557191
38,2024-05-03,10,42.26680582055512
38,2024-05-03,11,125.43069320256966
38,2024-05-03,12,179.8780598304504
38,2024-05-03,13,216.42801642173578
38,2024-05-03,14,188.812370373529
38,2024-05-03,15,73.86705145751719
38,2024-05-03,16,66.55886421614261
38,2024-05-03,17,39.18281833475214
38,2024-05-03,18,13.236838951773143
38,2024-05-03,19,0.0
38,2024-05-03,20,0.0
38,2024-05-03,21,0.0
38,2024-05-04,6,
38,2024-05-04,7,22.289720746369305
38,2024-05-04,8,78.14500505907218
38,2024-05-04,9,98.03071060509332
38,2024-05-04,10,151.0284201567281
38,2024-05-04,11,97.3738982908421
38,2024-05-04,12,151.29313594760916
38,2024-05-04,13,197.9551238993854
38,2024-05-04,14,182.06303305756904
38,2024-05-04,15,133.86007357056474
38,2024-05-04,16,144.9124318411096
38,2024-05-04,17,59.382562662974046
38,2024-05-04,18,4.796214258422561
38,2024-05-04,19,0.0
38,2024-05-04,20,0.0
38,2024-05-04,21,0.0
38,2024-05-05,6,
38,2024-05-05,7,13.681999849742219
38,2024-05-05,8,49.70417783362854
38,2024-05-05,9,71.2243040995232
38,2024-05-05,10,44.8372810293224
38,2024-05-05,11,36.717678841442975
38,2024-05-05,12,50.69152415386349
38,2024-05-05,13,46.67105792898844
38,2024-05-05,14,32.68753651157989
38,2024-05-05,15,31.041832915479514
38,2024-05-05,16,28.314954736475325
38,2024-05-05,17,20.760214011586818
38,2024-05-05,18,10.188075281589171
38,2024-05-05,19,0.0
38,2024-05-05,20,0.0
38,2024-05-05,21,0.0
38,2024-05-06,6,
38,2024-05-06,7,8.908442763472989
38,2024-05-06,8,29.408950518311627
38,2024-05-06,9,39.65281710081152
38,2024-05-06,10,24.663501492869717
38,2024-05-06,11,28.893127572393276
38,2024-05-06,12,34.806692095770096
38,2024-05-06,13,41.61359432980797
38,2024-05-06,14,60.243468191867116
38,2024-05-06,15,58.77234150449003
38,2024-05-06,16,86.85524406553935
38,2024-05-06,17,44.76733501258026
38,2024-05-06,18,12.28190425124209
38,2024-05-06,19,0.0
38,2024-05-06,20,0.0
38,2024-05-06,21,0.0
38,2024-05-07,6,
38,2024-05-07,7,28.390031145488905
38,2024-05-07,8,72.43947957332456
38,2024-05-07,9,73.58621867127364
38,2024-05-07,10,139.0976492462184
38,2024-05-07,11,161.83764628294
38,2024-05-07,12,192.01094613036372
38,2024-05-07,13,252.63753890008007
38,2024-05-07,14,168.9805361490176
38,2024-05-07,15,155.96194727993677
38,2024-05-07,16,102.35220140684925
38,2024-05-07,17,95.60237554705525
38,2024-05-07,18,37.15414681980012
38,2024-05-07,19,0.0
38,2024-05-07,20,0.0
38,2024-05-07,21,0.0
38,2024-05-08,6,
38,2024-05-08,7,20.157739651631715
38,2024-05-08,8,77.32369228582921
38,2024-05-08,9,134.83252989537837
38,2024-05-08,10,223.46494639431216
38,2024-05-08,11,45.0014767305189
38,2024-05-08,12,185.71117607800866
38,2024-05-08,13,50.86094711215129
38,2024-05-08,14,39.03008377228265
38,2024-05-08,15,112.21057680749752
38,2024-05-08,16,202.97085131862622
38,2024-05-08,17,132.0640357457821
38,2024-05-08,18,53.31417019150499
38,2024-05-08,19,0.0
38,2024-05-08,20,0.0
38,2024-05-08,21,0.0
38,2024-05-09,6,
38,2024-05-09,7,26.0551567409795
38,2024-05-09,8,80.0921624521389
38,2024-05-09,9,162.30524826036265
38,2024-05-09,10,214.68107994547714
38,2024-05-09,11,248.4385814582805
38,2024-05-09,12,198.9156513093204
38,2024-05-09,13,72.76274892201747
38,2024-05-09,14,80.09311935210138
38,2024-05-09,15,26.656304792386152
38,2024-05-09,16,25.628389969981953
38,2024-05-09,17,11.234538513070305
38,2024-05-09,18,39.20035686610049
38,2024-05-09,19,0.0
38,2024-05-09,20,0.0
38,2024-05-09,21,0.0
38,2024-05-10,6,
38,2024-05-10,7,20.86414007356538
38,2024-05-10,8,76.9735447410198
38,2024-05-10,9,164.54477229663144
38,2024-05-10,10,228.05119003188264
38,2024-05-10,11,270.4520033369366
38,2024-05-10,12,285.01067432950754
38,2024-05-10,13,282.9176667242374
38,2024-05-10,14,225.71614111204667
38,2024-05-10,15,164.2588367362482
38,2024-05-10,16,91.50849621846453
38,2024-05-10,17,51.875219884008814
38,2024-05-10,18,6.7735324910648895
38,2024-05-10,19,0.0
38,2024-05-10,20,0.0
38,2024-05-10,21,0.0
38,2024-05-11,6,22.290479142234254
38,2024-05-11,7,17.064013638374117
38,2024-05-11,8,66.51093761778034
38,2024-05-11,9,134.08925294156504
38,2024-05-11,10,191.26515419810048
38,2024-05-11,11,108.04889261415396
38,2024-05-11,12,130.39331801521342
38,2024-05-11,13,50.49820552887395
38,2024-05-11,14,153.94685067813688
38,2024-05-11,15,211.7047091228693
38,2024-05-11,16,126.24299017787635
38,2024-05-11,17,90.48264614552966
38,2024-05-11,18,41.536566831978405
38,2024-05-11,19,0.0
38,2024-05-11,20,0.0
38,2024-05-11,21,0.0
38,2024-05-12,6,23.734492612717418
38,2024-05-12,7,17.05244532117777
38,2024-05-12,8,47.1019377199746
38,2024-05-12,9,94.86386026261903
38,2024-05-12,10,112.65987142997568
38,2024-05-12,11,78.50544241066379
38,2024-05-12,12,41.12615807014316
38,2024-05-12,13,44.29810500691951
38,2024-05-12,14,60.61070812928007
38,2024-05-12,15,82.78846922220296
38,2024-05-12,16,27.149641618421903
38,2024-05-12,17,12.232906104613644
38,2024-05-12,18,10.257877590188526
38,2024-05-12,19,0.0
38,2024-05-12,20,0.0
38,2024-05-12,21,0.0
38,2024-05-13,6,50.37211323825689
38,2024-05-13,7,26.500737039971384
38,2024-05-13,8,78.78088929266187
38,2024-05-13,9,152.04771021130796
38,2024-05-13,10,222.19023864129463
38,2024-05-13,11,105.72341802205396
38,2024-05-13,12,262.1954239578591
38,2024-05-13,13,198.6546928145873
38,2024-05-13,14,149.38524919734536
38,2024-05-13,15,48.47699191092299
38,2024-05-13,16,55.50006664426705
38,2024-05-13,17,18.426339610520913
38,2024-05-13,18,5.290049421492174
38,2024-05-13,19,0.0
38,2024-05-13,20,0.0
38,2024-05-13,21,0.0
38,2024-05-14,6,16.080078119715765
38,2024-05-14,7,26.175750158471736
38,2024-05-14,8,63.79151688692921
38,2024-05-14,9,141.05881850400218
38,2024-05-14,10,94.51802742249174
38,2024-05-14,11,77.0298049052332
38,2024-05-14,12,131.6689967222344
38,2024-05-14,13,192.768202814576
38,2024-05-14,14,77.96643642005805
38,2024-05-14,15,96.85138030778704
38,2024-05-14,16,20.285317421366706
38,2024-05-14,17,7.466410751858227
38,2024-05-14,18,2.4821268840969104
38,2024-05-14,19,0.0
38,2024-05-14,20,0.0
38,2024-05-14,21,0.0
38,2024-05-15,6,21.322193652840657
38,2024-05-15,7,8.059945235172654
38,2024-05-15,8,45.38404575152411
38,2024-05-15,9,90.63006047718389
38,2024-05-15,10,132.42793435248052
38,2024-05-15,11,71.43026629634343
38,2024-05-15,12,122.79758923518222
38,2024-05-15,13,53.68105717784778
38,2024-05-15,14,37.0175654547606
38,2024-05-15,15,48.55962819954191
38,2024-05-15,16,23.267282207393933
38,2024-05-15,17,9.618678010696756
38,2024-05-15,18,3.2001911143438413
38,2024-05-15,19,0.0
38,2024-05-15,20,0.0
38,2024-05-15,21,0.0
38,2024-05-16,6,56.76273139905414
38,2024-05-16,7,34.63634951318484
38,2024-05-16,8,62.6750611457559
38,2024-05-16,9,72.75481499078035
38,2024-05-16,10,54.13418064186377
38,2024-05-16,11,119.6547844139156
38,2024-05-16,12,124.14833703841904
38,2024-05-16,13,45.11472087462094
38,2024-05-16,14,136.93482303815716
38,2024-05-16,15,242.23542990287794
38,2024-05-16,16,110.96629563679693
38,2024-05-16,17,54.940169082158455
38,2024-05-16,18,32.53193414166423
38,2024-05-16,19,0.0
38,2024-05-16,20,0.0
38,2024-05-16,21,0.0
38,2024-05-17,6,14.549143341099828
38,2024-05-17,7,15.574239079300522
38,2024-05-17,8,30.45007761300564
38,2024-05-17,9,76.46533905815765
38,2024-05-17,10,66.92713501555711
38,2024-05-17,11,70.70418301614217
38,2024-05-17,12,180.1571869913277
38,2024-05-17,13,128.58565549884733
38,2024-05-17,14,130.3188132668211
38,2024-05-17,15,119.45536054620251
38,2024-05-17,16,101.01828512578291
38,2024-05-17,17,23.086493252395087
38,2024-05-17,18,40.274145663556695
38,2024-05-17,19,0.0
38,2024-05-17,20,0.0
38,2024-05-17,21,0.0
38,2024-05-18,6,53.81768457571931
38,2024-05-18,7,34.46337731672463
38,2024-05-18,8,57.79998157020958
38,2024-05-18,9,129.96046702238624
38,2024-05-18,10,204.0957233925165
38,2024-05-18,11,203.37062736417488
38,2024-05-18,12,247.82152439184608
38,2024-05-18,13,70.40702682151858
38,2024-05-18,14,108.75306103570404
38,2024-05-18,15,75.46104584047809
38,2024-05-18,16,42.324164051983416
38,2024-05-18,17,148.57243067873478
38,2024-05-18,18,8.827227585207648
38,2024-05-18,19,0.20274662890572603
38,2024-05-18,20,0.0
38,2024-05-18,21,0.0
38,2024-05-19,6,37.77949118243188
38,2024-05-19,7,28.36373539271426
38,2024-05-19,8,70.58167454474318
38,2024-05-19,9,132.46779361312795
38,2024-05-19,10,193.8706118998639
38,2024-05-19,11,164.2569785906382
38,2024-05-19,12,73.69869074804585
38,2024-05-19,13,213.2864522148559
38,2024-05-19,14,166.5065784682883
38,2024-05-19,15,78.12136141208994
38,2024-05-19,16,56.635662971591415
38,2024-05-19,17,122.16414370234693
38,2024-05-19,18,59.456657129499014
38,2024-05-19,19,0.19633914620825635
38,2024-05-19,20,0.0
38,2024-05-19,21,0.0
38,2024-05-20,6,28.148401664810947
38,2024-05-20,7,27.93800697343312
38,2024-05-20,8,78.56515204901496
38,2024-05-20,9,146.75563968358136
38,2024-05-20,10,163.3669129506303
38,2024-05-20,11,186.02274168078776
38,2024-05-20,12,164.0972835846057
38,2024-05-20,13,143.21599667762126
38,2024-05-20,14,169.1318702268729
38,2024-05-20,15,113.98945180714787
38,2024-05-20,16,78.83584531237094
38,2024-05-20,17,43.80379225126486
38,2024-05-20,18,14.95400142708016
38,2024-05-20,19,0.193886504512709
38,2024-05-20,20,0.0
38,2024-05-20,21,0.0
38,2024-05-21,6,46.750694312452694
38,2024-05-21,7,32.7408063730879
38,2024-05-21,8,67.66696052880062
38,2024-05-21,9,149.96814824219345
38,2024-05-21,10,179.41829714765186
38,2024-05-21,11,179.2789243299165
38,2024-05-21,12,198.6110645392837
38,2024-05-21,13,93.2709858840498
38,2024-05-21,14,176.93514426693642
38,2024-05-21,15,112.21644664989503
38,2024-05-21,16,211.68106004945002
38,2024-05-21,17,146.9899343449891
38,2024-05-21,18,58.91344062741938
38,2024-05-21,19,1.3985382488720823
38,2024-05-21,20,0.0
38,2024-05-21,21,0.0
38,2024-05-22,6,31.385061735876405
38,2024-05-22,7,18.692339325990353
38,2024-05-22,8,76.45308010276875
38,2024-05-22,9,147.88519620626127
38,2024-05-22,10,156.0453044310386
38,2024-05-22,11,200.82671697674945
38,2024-05-22,12,229.47997794053043
38,2024-05-22,13,207.51428739677792
38,2024-05-22,14,220.33028831972035
38,2024-05-22,15,192.50589797692595
38,2024-05-22,16,205.8114486650477
38,2024-05-22,17,136.9858381740165
38,2024-05-22,18,69.86688831215778
38,2024-05-22,19,2.64582581357242
38,2024-05-22,20,0.0
38,2024-05-22,21,0.0
38,2024-05-23,6,42.35819913747291
38,2024-05-23,7,28.124592618944664
38,2024-05-23,8,81.99519635749174
38,2024-05-23,9,167.2193166952761
38,2024-05-23,10,232.77789028098755
38,2024-05-23,11,275.7959037631144
38,2024-05-23,12,290.6477833112197
38,2024-05-23,13,195.6904752754671
38,2024-05-23,14,223.27227096547017
38,2024-05-23,15,87.60797936647273
38,2024-05-23,16,11.655528078559108
38,2024-05-23,17,15.70819942318851
38,2024-05-23,18,2.9594587323644683
38,2024-05-23,19,1.7454182946233785
38,2024-05-23,20,0.0
38,2024-05-23,21,0.0
38,2024-05-24,6,44.10646509517608
38,2024-05-24,7,31.563409145291054
38,2024-05-24,8,83.59801875718469
38,2024-05-24,9,165.3541413152672
38,2024-05-24,10,229.7318889896291
38,2024-05-24,11,272.01586255736436
38,2024-05-24,12,280.0820229266833
38,2024-05-24,13,199.87658006778196
38,2024-05-24,14,281.205659538358
38,2024-05-24,15,230.2461780794871
38,2024-05-24,16,197.2064405628842
38,2024-05-24,17,138.09776961365282
38,2024-05-24,18,59.35682868005118
38,2024-05-24,19,2.716779826637528
38,2024-05-24,20,0.0
38,2024-05-24,21,0.0
38,2024-05-25,6,38.469212327843074
38,2024-05-25,7,28.23728652188386
38,2024-05-25,8,56.60389513247275
38,2024-05-25,9,144.28507178913827
38,2024-05-25,10,197.67880948215443
38,2024-05-25,11,213.29914487880532
38,2024-05-25,12,52.00105783466298
38,2024-05-25,13,21.83848115825272
38,2024-05-25,14,31.638742864702714
38,2024-05-25,15,103.76343957001932
38,2024-05-25,16,138.3218764194582
38,2024-05-25,17,113.05651300396943
38,2024-05-25,18,45.725495741782204
38,2024-05-25,19,8.14833290662388
38,2024-05-25,20,0.0
38,2024-05-25,21,0.0
38,2024-05-26,6,10.421065634491331
38,2024-05-26,7,8.843404869037002
38,2024-05-26,8,50.63802392066192
38,2024-05-26,9,73.90177101797205
38,2024-05-26,10,98.00569690640233
38,2024-05-26,11,36.501695843696794
38,2024-05-26,12,22.89536596004345
38,2024-05-26,13,38.795136140505036
38,2024-05-26,14,32.9906566461768
38,2024-05-26,15,21.927500603374714
38,2024-05-26,16,68.33799924602695
38,2024-05-26,17,54.94836036270378
38,2024-05-26,18,57.30488882357862
38,2024-05-26,19,4.336894691061609
38,2024-05-26,20,0.0
38,2024-05-26,21,0.0
38,2024-05-27,6,30.14273623172022
38,2024-05-27,7,22.227934259536383
38,2024-05-27,8,78.00458705423141
38,2024-05-27,9,116.48238501138708
38,2024-05-27,10,110.91351524436766
38,2024-05-27,11,69.68853722379816
38,2024-05-27,12,124.47198685062537
38,2024-05-27,13,80.29155976265753
38,2024-05-27,14,54.293059010443514
38,2024-05-27,15,47.3731089671604
38,2024-05-27,16,28.024401246293333
38,2024-05-27,17,16.344025654546584
38,2024-05-27,18,8.264882950507555
38,2024-05-27,19,0.9499762704742056
38,2024-05-27,20,0.0
38,2024-05-27,21,0.0
38,2024-05-28,6,17.42869018998782
38,2024-05-28,7,11.07729286157333
38,2024-05-28,8,20.35920749850669
38,2024-05-28,9,75.68950353488674
38,2024-05-28,10,29.21500597697959
38,2024-05-28,11,116.68479103467806
38,2024-05-28,12,90.24797207308275
38,2024-05-28,13,172.65309102852626
38,2024-05-28,14,147.6968383995898
38,2024-05-28,15,148.41655800858342
38,2024-05-28,16,134.16118365859526
38,2024-05-28,17,77.74018871070093
38,2024-05-28,18,45.42439173373464
38,2024-05-28,19,1.613383370985476
38,2024-05-28,20,0.0
38,2024-05-28,21,0.0
38,2024-05-29,6,38.0740802576362
38,2024-05-29,7,27.997300963033666
38,2024-05-29,8,81.83098008829116
38,2024-05-29,9,167.89731620991813
38,2024-05-29,10,235.2106213801706
38,2024-05-29,11,277.53069376385764
38,2024-05-29,12,298.6710534395209
38,2024-05-29,13,324.8220620943536
38,2024-05-29,14,291.0848305862975
38,2024-05-29,15,278.0254976885632
38,2024-05-29,16,214.58757106973206
38,2024-05-29,17,149.00769417891945
38,2024-05-29,18,77.92623479417021
38,2024-05-29,19,6.321163338202909
38,2024-05-29,20,0.0
38,2024-05-29,21,0.0
38,2024-05-30,6,32.565450057693454
38,2024-05-30,7,23.247789715074866
38,2024-05-30,8,81.80468851468956
38,2024-05-30,9,168.24522955085104
38,2024-05-30,10,236.22427992135465
38,2024-05-30,11,280.32150124030267
38,2024-05-30,12,304.62969774241924
38,2024-05-30,13,301.30089236395287
38,2024-05-30,14,287.2787008133135
38,2024-05-30,15,275.77580564936494
38,2024-05-30,16,214.1642638165771
38,2024-05-30,17,154.79600651366093
38,2024-05-30,18,79.64762158196453
38,2024-05-30,19,4.347361380175205
38,2024-05-30,20,0.0
38,2024-05-30,21,0.0
38,2024-05-31,6,17.330858019052496
38,2024-05-31,7,22.58295951620989
38,2024-05-31,8,60.84513488539201
38,2024-05-31,9,144.5203231774916
38,2024-05-31,10,179.54946881800151
38,2024-05-31,11,213.8794087636449
38,2024-05-31,12,149.39553599747268
38,2024-05-31,13,147.3584228296027
38,2024-05-31,14,158.22025127245092
38,2024-05-31,15,219.62324248474727
38,2024-05-31,16,111.50526123894225
38,2024-05-31,17,80.88225874871767
38,2024-05-31,18,29.709065419905553
38,2024-05-31,19,4.257024506649434
38,2024-05-31,20,0.0
38,2024-05-31,21,0.0
38,2024-06-01,6,29.429538918371026
38,2024-06-01,7,24.081626760712766
38,2024-06-01,8,78.39038868472844
38,2024-06-01,9,122.37702762601064
38,2024-06-01,10,138.81211783326086
38,2024-06-01,11,200.45514583605416
38,2024-06-01,12,154.51020742799614
38,2024-06-01,13,124.84083053292616
38,2024-06-01,14,137.91990069531226
38,2024-06-01,15,136.4890855908816
38,2024-06-01,16,95.33652034991005
38,2024-06-01,17,113.70929798802136
38,2024-06-01,18,53.23589889767328
38,2024-06-01,19,8.357648042050961
38,2024-06-01,20,0.0
38,2024-06-01,21,0.0
38,2024-06-02,6,36.65037737027386
38,2024-06-02,7,31.493333408295605
38,2024-06-02,8,79.31030767169985
38,2024-06-02,9,157.16030835414404
38,2024-06-02,10,223.2225019740004
38,2024-06-02,11,268.82511520914966
38,2024-06-02,12,281.9666663122789
38,2024-06-02,13,207.70370975732828
38,2024-06-02,14,167.5437062189125
38,2024-06-02,15,154.1459266826258
38,2024-06-02,16,178.27689630453997
38,2024-06-02,17,132.42550574988607
38,2024-06-02,18,59.90777131757713
38,2024-06-02,19,6.235381299376646
38,2024-06-02,20,0.0
38,2024-06-02,21,0.0
38,2024-06-03,6,18.15599831674099
38,2024-06-03,7,17.68793329922908
38,2024-06-03,8,42.286501537174814
38,2024-06-03,9,40.21326794510587
38,2024-06-03,10,35.482051792050214
38,2024-06-03,11,127.10423353752472
38,2024-06-03,12,198.25836722285956
38,2024-06-03,13,212.53313400983163
38,2024-06-03,14,180.10504618244556
38,2024-06-03,15,39.28266200235869
38,2024-06-03,16,71.32908307455608
38,2024-06-03,17,28.978228012402116
38,2024-06-03,18,8.065236444764707
38,2024-06-03,19,0.7535608475665749
38,2024-06-03,20,0.0
38,2024-06-03,21,0.0
38,2024-06-04,6,12.278798702919666
38,2024-06-04,7,13.551032472522888
38,2024-06-04,8,31.693514986751246
38,2024-06-04,9,24.0565067159463
38,2024-06-04,10,42.75299813569251
38,2024-06-04,11,45.93636367886495
38,2024-06-04,12,78.10665329010286
38,2024-06-04,13,187.20312915093314
38,2024-06-04,14,37.80978761466421
38,2024-06-04,15,88.59591097603221
38,2024-06-04,16,42.89225470672809
38,2024-06-04,17,31.43719107136267
38,2024-06-04,18,3.763387410224407
38,2024-06-04,19,1.1226182001522682
38,2024-06-04,20,0.0
38,2024-06-04,21,0.0
38,2024-06-05,6,9.726823215241613
38,2024-06-05,7,12.070270365142168
38,2024-06-05,8,22.053739843982193
38,2024-06-05,9,31.873129276702787
38,2024-06-05,10,190.20542895394215
38,2024-06-05,11,181.8533517329799
38,2024-06-05,12,52.473951170496406
38,2024-06-05,13,149.9018106879003
38,2024-06-05,14,121.33433086238736
38,2024-06-05,15,168.36347232063153
38,2024-06-05,16,217.11308391953034
38,2024-06-05,17,163.6332961386731
38,2024-06-05,18,74.92161563370466
38,2024-06-05,19,12.577667639873273
38,2024-06-05,20,0.0
38,2024-06-05,21,0.0
38,2024-06-06,6,31.83125512551988
38,2024-06-06,7,24.762849075883764
38,2024-06-06,8,79.85229929309685
38,2024-06-06,9,167.01784484123857
38,2024-06-06,10,232.0332283490241
38,2024-06-06,11,290.4930613792992
38,2024-06-06,12,308.9637482962576
38,2024-06-06,13,317.39579264054174
38,2024-06-06,14,305.7515074442165
38,2024-06-06,15,270.05890115443526
38,2024-06-06,16,230.88592327457917
38,2024-06-06,17,156.20134568498116
38,2024-06-06,18,78.55207872181006
38,2024-06-06,19,16.18476634903027
38,2024-06-06,20,0.0
38,2024-06-06,21,0.0
38,2024-06-07,6,23.952078059419698
38,2024-06-07,7,27.332326866788506
38,2024-06-07,8,67.18830879956681
38,2024-06-07,9,114.06203006333456
38,2024-06-07,10,140.6439772427142
38,2024-06-07,11,176.49892121659462
38,2024-06-07,12,85.09437740776337
38,2024-06-07,13,180.81949466634092
38,2024-06-07,14,184.61915371182886
38,2024-06-07,15,143.56799437356966
38,2024-06-07,16,195.1964795733784
38,2024-06-07,17,129.3292955246438
38,2024-06-07,18,78.39647189918841
38,2024-06-07,19,0.727670106231268
38,2024-06-07,20,0.0
38,2024-06-07,21,0.0
38,2024-06-08,6,6.326091809591823
38,2024-06-08,7,7.665365107952949
38,2024-06-08,8,26.630529634020625
38,2024-06-08,9,70.49648964450024
38,2024-06-08,10,229.4706173139137
38,2024-06-08,11,250.52074510436077
38,2024-06-08,12,258.71888038838864
38,2024-06-08,13,216.6037902547489
38,2024-06-08,14,263.68647409943895
38,2024-06-08,15,194.13146829234668
38,2024-06-08,16,147.3862059171154
38,2024-06-08,17,66.0255770718486
38,2024-06-08,18,56.36297443244992
38,2024-06-08,19,14.579699896354072
38,2024-06-08,20,0.0
38,2024-06-08,21,0.0
38,2024-06-09,6,26.076618859402423
38,2024-06-09,7,20.106179895342304
38,2024-06-09,8,73.88282493587008
38,2024-06-09,9,20.168987008532618
38,2024-06-09,10,19.550012632588682
38,2024-06-09,11,271.6009115818978
38,2024-06-09,12,235.75723391875962
38,2024-06-09,13,271.03574000647615
38,2024-06-09,14,176.52159008178273
38,2024-06-09,15,81.49638426620052
38,2024-06-09,16,16.229385691040843
38,2024-06-09,17,7.399099732236447
38,2024-06-09,18,4.673911865661158
38,2024-06-09,19,1.9653641674911757
38,2024-06-09,20,0.0
38,2024-06-09,21,0.0
38,2024-06-10,6,28.275069115611753
38,2024-06-10,7,22.332605232955522
38,2024-06-10,8,67.67186459362422
38,2024-06-10,9,152.13885529097996
38,2024-06-10,10,207.44872273415413
38,2024-06-10,11,209.86838837032914
38,2024-06-10,12,25.457762628335068
38,2024-06-10,13,87.27812005134027
38,2024-06-10,14,40.00420259254045
38,2024-06-10,15,48.68710134893051
38,2024-06-10,16,41.073262658604264
38,2024-06-10,17,38.77096408035146
38,2024-06-10,18,5.5098161883454635
38,2024-06-10,19,4.221590312929402
38,2024-06-10,20,0.0
38,2024-06-10,21,0.0
38,2024-06-11,6,29.043493591830433
38,2024-06-11,7,22.953017777263096
38,2024-06-11,8,78.73547773468187
38,2024-06-11,9,167.18604770551008
38,2024-06-11,10,243.4033887517909
38,2024-06-11,11,259.58788851317513
38,2024-06-11,12,293.1796621964461
38,2024-06-11,13,302.2599476458223
38,2024-06-11,14,303.23069156523957
38,2024-06-11,15,262.1241727722179
38,2024-06-11,16,227.99247403242322
38,2024-06-11,17,153.77604247933562
38,2024-06-11,18,77.09877619437468
38,2024-06-11,19,21.410223798144866
38,2024-06-11,20,0.0
38,2024-06-11,21,0.0
38,2024-06-12,6,22.689333949516257
38,2024-06-12,7,19.028940637642904
38,2024-06-12,8,74.52509758092586
38,2024-06-12,9,163.82148081234362
38,2024-06-12,10,183.85768888208315
38,2024-06-12,11,201.25417432721494
38,2024-06-12,12,209.51054484052858
38,2024-06-12,13,235.50508828517235
38,2024-06-12,14,218.47270047165142
38,2024-06-12,15,215.06063051617392
38,2024-06-12,16,186.35586913002587
38,2024-06-12,17,82.05220336505946
38,2024-06-12,18,45.99388920211342
38,2024-06-12,19,11.06750762289348
38,2024-06-12,20,0.0
38,2024-06-12,21,0.0
38,2024-06-13,6,25.734717337382882
38,2024-06-13,7,19.8427778648819
38,2024-06-13,8,70.1698770867018
38,2024-06-13,9,152.36289475872275
38,2024-06-13,10,195.26243233895747
38,2024-06-13,11,210.84170723437347
38,2024-06-13,12,281.5792665309567
38,2024-06-13,13,213.36257611174005
38,2024-06-13,14,215.007210809247
38,2024-06-13,15,170.9544428878627
38,2024-06-13,16,131.58897648088694
38,2024-06-13,17,105.76967065157311
38,2024-06-13,18,72.87847685031933
38,2024-06-13,19,15.254049483221571
38,2024-06-13,20,0.0
38,2024-06-13,21,0.0
38,2024-06-14,6,23.09400046859846
38,2024-06-14,7,24.48463815600856
38,2024-06-14,8,45.53582049258844
38,2024-06-14,9,109.08178996641804
38,2024-06-14,10,94.36251973506798
38,2024-06-14,11,104.15490747023665
38,2024-06-14,12,255.29452178918677
38,2024-06-14,13,72.2272401019228
38,2024-06-14,14,170.99309981261243
38,2024-06-14,15,90.33221578400997
38,2024-06-14,16,89.83507966628325
38,2024-06-14,17,92.12281258582898
38,2024-06-14,18,70.85696942952733
38,2024-06-14,19,13.968674829164772
38,2024-06-14,20,0.0
38,2024-06-14,21,0.0
38,2024-06-15,6,9.84894704945602
38,2024-06-15,7,15.016068337459004
38,2024-06-15,8,26.494822319379214
38,2024-06-15,9,82.96683274008126
38,2024-06-15,10,142.21675840108085
38,2024-06-15,11,158.73349600452576
38,2024-06-15,12,157.86824886447272
38,2024-06-15,13,137.54365643612047
38,2024-06-15,14,108.84146679714304
38,2024-06-15,15,87.20259791386141
38,2024-06-15,16,118.21642983864314
38,2024-06-15,17,91.05542370263987
38,2024-06-15,18,58.63551353381563
38,2024-06-15,19,11.432580387200947
38,2024-06-15,20,0.0
38,2024-06-15,21,0.0
38,2024-06-16,6,19.57771191248538
38,2024-06-16,7,25.555877812258387
38,2024-06-16,8,52.62792914890258
38,2024-06-16,9,82.16997320482432
38,2024-06-16,10,41.8588851497137
38,2024-06-16,11,80.45946229218612
38,2024-06-16,12,44.99158846954288
38,2024-06-16,13,150.34643254504803
38,2024-06-16,14,119.99263050139078
38,2024-06-16,15,93.3417963754596
38,2024-06-16,16,40.06768799417682
38,2024-06-16,17,18.23481981341176
38,2024-06-16,18,16.13714418647629
38,2024-06-16,19,4.505032620851799
38,2024-06-16,20,0.0
38,2024-06-16,21,0.0
38,2024-06-17,6,10.775747735708912
38,2024-06-17,7,16.00283452803469
38,2024-06-17,8,42.99187298645347
38,2024-06-17,9,94.70865713673332
38,2024-06-17,10,80.45063901006884
38,2024-06-17,11,62.88604147037914
38,2024-06-17,12,77.11225681204873
38,2024-06-17,13,117.6647772608401
38,2024-06-17,14,84.38888373846832
38,2024-06-17,15,90.1754735214682
38,2024-06-17,16,77.00196402200032
38,2024-06-17,17,62.163990688637284
38,2024-06-17,18,53.21736393001717
38,2024-06-17,19,10.506524132084177
38,2024-06-17,20,0.0
38,2024-06-17,21,0.0
38,2024-06-18,6,25.185931153293165
38,2024-06-18,7,24.927617879988645
38,2024-06-18,8,65.80189810892057
38,2024-06-18,9,93.95056581518601
38,2024-06-18,10,41.072574457931196
38,2024-06-18,11,76.50660145697006
38,2024-06-18,12,50.65887070158422
38,2024-06-18,13,47.56715823337256
38,2024-06-18,14,89.94060455266788
38,2024-06-18,15,92.46823501450652
38,2024-06-18,16,99.30939016771174
38,2024-06-18,17,62.699623285796775
38,2024-06-18,18,61.36435002967366
38,2024-06-18,19,6.737288295427376
38,2024-06-18,20,0.0
38,2024-06-18,21,0.0
38,2024-06-19,6,12.310999293762084
38,2024-06-19,7,22.97143032831703
38,2024-06-19,8,53.32653652217164
38,2024-06-19,9,80.16949341464212
38,2024-06-19,10,139.93735964776522
38,2024-06-19,11,172.4413330017765
38,2024-06-19,12,168.11571078357875
38,2024-06-19,13,162.65164114798472
38,2024-06-19,14,139.56729847514328
38,2024-06-19,15,37.34270493262741
38,2024-06-19,16,23.904470547477814
38,2024-06-19,17,9.34437895202775
38,2024-06-19,18,10.901808701967639
38,2024-06-19,19,0.9170733345965222
38,2024-06-19,20,0.0
38,2024-06-19,21,0.0
38,2024-06-20,6,15.717123882006906
38,2024-06-20,7,20.052400791050953
38,2024-06-20,8,29.886014398614044
38,2024-06-20,9,65.64401890320609
38,2024-06-20,10,114.58618923578919
38,2024-06-20,11,25.47005970319031
38,2024-06-20,12,150.04736629191402
38,2024-06-20,13,39.90513374922789
38,2024-06-20,14,64.75547049374057
38,2024-06-20,15,66.72501071227947
38,2024-06-20,16,57.36747785444613
38,2024-06-20,17,69.63234943684044
38,2024-06-20,18,20.681697889410582
38,2024-06-20,19,5.855249357473788
38,2024-06-20,20,0.0
38,2024-06-20,21,0.0
38,2024-06-21,6,37.168139112939
38,2024-06-21,7,33.8976716142911
38,2024-06-21,8,72.32811684273224
38,2024-06-21,9,106.51577018780316
38,2024-06-21,10,89.25916080032013
38,2024-06-21,11,139.16699386484882
38,2024-06-21,12,189.83094940155067
38,2024-06-21,13,134.6099414555079
38,2024-06-21,14,104.01020865755874
38,2024-06-21,15,145.17785093137573
38,2024-06-21,16,116.49694937933744
38,2024-06-21,17,112.355639309055
38,2024-06-21,18,79.60587452631094
38,2024-06-21,19,12.760517416657809
38,2024-06-21,20,0.0
38,2024-06-21,21,0.0
