angle,azimuth,date,hour,power
35,160,2024-03-21,6,
35,160,2024-03-21,7,96.87986346628419
35,160,2024-03-21,8,107.94259221009125
35,160,2024-03-21,9,115.29090477076872
35,160,2024-03-21,10,189.15416208682637
35,160,2024-03-21,11,241.27319679051192
35,160,2024-03-21,12,252.14760188146872
35,160,2024-03-21,13,221.54309642541216
35,160,2024-03-21,14,147.34295615772322
35,160,2024-03-21,15,91.41405962170816
35,160,2024-03-21,16,32.97952801001644
35,160,2024-03-21,17,9.720369869755803
35,160,2024-03-21,18,0.0
35,160,2024-03-21,19,
35,160,2024-03-21,20,
35,160,2024-03-21,21,
35,165,2024-03-21,6,
35,165,2024-03-21,7,80.53405813999484
35,165,2024-03-21,8,98.78894162227385
35,165,2024-03-21,9,109.76181199191728
35,165,2024-03-21,10,183.9203906839429
35,165,2024-03-21,11,238.3250858967269
35,165,2024-03-21,12,252.4473957188714
35,165,2024-03-21,13,224.77937183158338
35,165,2024-03-21,14,151.70111089383255
35,165,2024-03-21,15,95.98108558548728
35,165,2024-03-21,16,35.62948745744869
35,165,2024-03-21,17,11.323912724136132
35,165,2024-03-21,18,0.0
35,165,2024-03-21,19,
35,165,2024-03-21,20,
35,165,2024-03-21,21,
35,170,2024-03-21,6,
35,170,2024-03-21,7,64.13986230008794
35,170,2024-03-21,8,89.18745768461193
35,170,2024-03-21,9,103.7858304134243
35,170,2024-03-21,10,177.9746864890281
35,170,2024-03-21,11,234.49982610784565
35,170,2024-03-21,12,251.86313313504792
35,170,2024-03-21,13,227.2662022412324
35,170,2024-03-21,14,155.58173463109875
35,170,2024-03-21,15,100.26179071555845
35,170,2024-03-21,16,38.19483890040948
35,170,2024-03-21,17,12.942841954349209
35,170,2024-03-21,18,0.0
35,170,2024-03-21,19,
35,170,2024-03-21,20,
35,170,2024-03-21,21,
35,175,2024-03-21,6,
35,175,2024-03-21,7,48.014289848637404
35,175,2024-03-21,8,79.21910567472692
35,175,2024-03-21,9,97.40810517421988
35,175,2024-03-21,10,171.3574979506368
35,175,2024-03-21,11,229.8312909446736
35,175,2024-03-21,12,250.39841631170495
35,175,2024-03-21,13,228.98001431969988
35,175,2024-03-21,14,158.9565140016839
35,175,2024-03-21,15,104.22613451494341
35,175,2024-03-21,16,40.656551030408
35,175,2024-03-21,17,14.550520459612294
35,175,2024-03-21,18,0.0
35,175,2024-03-21,19,
35,175,2024-03-21,20,
35,175,2024-03-21,21,
35,180,2024-03-21,6,
35,180,2024-03-21,7,32.56030058673208
35,180,2024-03-21,8,68.97056819407885
35,180,2024-03-21,9,90.67692577054113
35,180,2024-03-21,10,164.11737812847633
35,180,2024-03-21,11,224.3469305572831
35,180,2024-03-21,12,248.06309535965852
35,180,2024-03-21,13,229.91192896091803
35,180,2024-03-21,14,161.80351806027284
35,180,2024-03-21,15,107.84700144350055
35,180,2024-03-21,16,42.99440878851766
35,180,2024-03-21,17,16.123664131119504
35,180,2024-03-21,18,0.0
35,180,2024-03-21,19,
35,180,2024-03-21,20,
35,180,2024-03-21,21,
35,185,2024-03-21,6,
35,185,2024-03-21,7,18.607397573360153
35,185,2024-03-21,8,58.539842381115214
35,185,2024-03-21,9,83.64649096675855
35,185,2024-03-21,10,156.303523848578
35,185,2024-03-21,11,218.084865303309
35,185,2024-03-21,12,244.87543218052036
35,185,2024-03-21,13,230.05887918582553
35,185,2024-03-21,14,164.10082750157298
35,185,2024-03-21,15,111.10054153811286
35,185,2024-03-21,16,45.189577977914354
35,185,2024-03-21,17,17.641685252929044
35,185,2024-03-21,18,0.0
35,185,2024-03-21,19,
35,185,2024-03-21,20,
35,185,2024-03-21,21,
35,190,2024-03-21,6,
35,190,2024-03-21,7,17.162401901742886
35,190,2024-03-21,8,48.042048905783886
35,190,2024-03-21,9,76.37230568652973
35,190,2024-03-21,10,147.97433398465392
35,190,2024-03-21,11,211.08770771119774
35,190,2024-03-21,12,240.85312021686676
35,190,2024-03-21,13,229.4139977305501
35,190,2024-03-21,14,165.83519437139418
35,190,2024-03-21,15,113.96144042441964
35,190,2024-03-21,16,47.22655524423516
35,190,2024-03-21,17,19.09082714833991
35,190,2024-03-21,18,0.0
35,190,2024-03-21,19,
35,190,2024-03-21,20,
35,190,2024-03-21,21,
35,195,2024-03-21,6,
35,195,2024-03-21,7,15.953412750638531
35,195,2024-03-21,8,37.62094045558409
35,195,2024-03-21,9,68.91341857158987
35,195,2024-03-21,10,139.18692502657325
35,195,2024-03-21,11,203.4038833429973
35,195,2024-03-21,12,236.0277990341354
35,195,2024-03-21,13,227.98576883286998
35,195,2024-03-21,14,166.99173788261476
35,195,2024-03-21,15,116.41214342563063
35,195,2024-03-21,16,49.08979211057688
35,195,2024-03-21,17,20.459102185454427
35,195,2024-03-21,18,0.0
35,195,2024-03-21,19,
35,195,2024-03-21,20,
35,195,2024-03-21,21,
35,200,2024-03-21,6,
35,200,2024-03-21,7,14.956455506927787
35,200,2024-03-21,8,27.569270099420628
35,200,2024-03-21,9,61.334297951566796
35,200,2024-03-21,10,130.00771514426475
35,200,2024-03-21,11,195.08318149263
35,200,2024-03-21,12,230.43127004875518
35,200,2024-03-21,13,225.78310300617008
35,200,2024-03-21,14,167.56533666974127
35,200,2024-03-21,15,118.43534917669224
35,200,2024-03-21,16,50.765826334059525
35,200,2024-03-21,17,21.73607039389446
35,200,2024-03-21,18,0.0
35,200,2024-03-21,19,
35,200,2024-03-21,20,
35,200,2024-03-21,21,
36,160,2024-03-21,6,
36,160,2024-03-21,7,99.09925003564933
36,160,2024-03-21,8,109.88617500760334
36,160,2024-03-21,9,117.04348126265504
36,160,2024-03-21,10,191.4765846016926
36,160,2024-03-21,11,243.4735926187788
36,160,2024-03-21,12,253.96948590171738
36,160,2024-03-21,13,222.86195958023643
36,160,2024-03-21,14,148.17006156099862
36,160,2024-03-21,15,91.81230106858503
36,160,2024-03-21,16,33.08592339137126
36,160,2024-03-21,17,9.662491869933222
36,160,2024-03-21,18,0.0
36,160,2024-03-21,19,
36,160,2024-03-21,20,
36,160,2024-03-21,21,
36,165,2024-03-21,6,
36,165,2024-03-21,7,82.22501393334548
36,165,2024-03-21,8,100.44343896698246
36,165,2024-03-21,9,111.338147755456
36,165,2024-03-21,10,186.08829054118786
36,165,2024-03-21,11,240.44276809677172
36,165,2024-03-21,12,254.27671568920454
36,165,2024-03-21,13,226.18430447102847
36,165,2024-03-21,14,152.6479127283399
36,165,2024-03-21,15,96.50657580493245
36,165,2024-03-21,16,35.81644362269458
36,165,2024-03-21,17,11.307838551474829
36,165,2024-03-21,18,0.0
36,165,2024-03-21,19,
36,165,2024-03-21,20,
36,165,2024-03-21,21,
36,170,2024-03-21,6,
36,170,2024-03-21,7,65.29714299006038
36,170,2024-03-21,8,90.5367559859905
36,170,2024-03-21,9,105.17277081842323
36,170,2024-03-21,10,179.9656185059871
36,170,2024-03-21,11,236.51488763215997
36,170,2024-03-21,12,253.67639508391312
36,170,2024-03-21,13,228.73519610580234
36,170,2024-03-21,14,156.63450303429283
36,170,2024-03-21,15,100.90706435586753
36,170,2024-03-21,16,38.460334366250876
36,170,2024-03-21,17,12.97044642894496
36,170,2024-03-21,18,0.0
36,170,2024-03-21,19,
36,170,2024-03-21,20,
36,170,2024-03-21,21,
36,175,2024-03-21,6,
36,175,2024-03-21,7,48.64623077690081
36,175,2024-03-21,8,80.2521995049841
36,175,2024-03-21,9,98.59360405050364
36,175,2024-03-21,10,173.15389985367946
36,175,2024-03-21,11,231.71984816635464
36,175,2024-03-21,12,252.1732599322033
36,175,2024-03-21,13,230.49377890845918
36,175,2024-03-21,14,160.10131061373588
36,175,2024-03-21,15,104.98257794688844
36,175,2024-03-21,16,40.997043246000985
36,175,2024-03-21,17,14.622508172019305
36,175,2024-03-21,18,0.0
36,175,2024-03-21,19,
36,175,2024-03-21,20,
36,175,2024-03-21,21,
36,180,2024-03-21,6,
36,180,2024-03-21,7,32.6966959465035
36,180,2024-03-21,8,69.67854416872146
36,180,2024-03-21,9,91.65143239268565
36,180,2024-03-21,10,165.69929154922332
36,180,2024-03-21,11,226.08567726469943
36,180,2024-03-21,12,249.77795254375027
36,180,2024-03-21,13,231.4511638560809
36,180,2024-03-21,14,163.0262081729084
36,180,2024-03-21,15,108.70415918405627
36,180,2024-03-21,16,43.40601098962628
36,180,2024-03-21,17,16.23920991728685
36,180,2024-03-21,18,0.0
36,180,2024-03-21,19,
36,180,2024-03-21,20,
36,180,2024-03-21,21,
36,185,2024-03-21,6,
36,185,2024-03-21,7,18.59268070380624
36,185,2024-03-21,8,58.918364568687316
36,185,2024-03-21,9,84.39792597493894
36,185,2024-03-21,10,157.65504947830092
36,185,2024-03-21,11,219.65312002173303
36,185,2024-03-21,12,246.50558946336838
36,185,2024-03-21,13,231.6011677942228
36,185,2024-03-21,14,165.38608224754654
36,185,2024-03-21,15,112.04803589015154
36,185,2024-03-21,16,45.66840241513228
36,185,2024-03-21,17,17.798933216180576
36,185,2024-03-21,18,0.0
36,185,2024-03-21,19,
36,185,2024-03-21,20,
36,185,2024-03-21,21,
36,190,2024-03-21,6,
36,190,2024-03-21,7,17.12878925376954
36,190,2024-03-21,8,48.08742900468266
36,190,2024-03-21,9,76.89397698001135
36,190,2024-03-21,10,149.07759132306848
36,190,2024-03-21,11,212.46342499024755
36,190,2024-03-21,12,242.37965235659067
36,190,2024-03-21,13,230.93988264949928
36,190,2024-03-21,14,167.16771841752671
36,190,2024-03-21,15,114.98861067066468
36,190,2024-03-21,16,47.76711784023695
36,190,2024-03-21,17,19.287771761091868
36,190,2024-03-21,18,0.0
36,190,2024-03-21,19,
36,190,2024-03-21,20,
36,190,2024-03-21,21,
36,195,2024-03-21,6,
36,195,2024-03-21,7,15.90250928403935
36,195,2024-03-21,8,37.34235626275822
36,195,2024-03-21,9,69.19809057524911
36,195,2024-03-21,10,140.02931912438078
36,195,2024-03-21,11,204.569877624387
36,195,2024-03-21,12,237.42655050390226
36,195,2024-03-21,13,229.47465127933415
36,195,2024-03-21,14,168.35618825848252
36,195,2024-03-21,15,117.5080489461563
36,195,2024-03-21,16,49.68674298359647
36,195,2024-03-21,17,20.693229239301832
36,195,2024-03-21,18,0.0
36,195,2024-03-21,19,
36,195,2024-03-21,20,
36,195,2024-03-21,21,
36,200,2024-03-21,6,
36,200,2024-03-21,7,14.896509411597176
36,200,2024-03-21,8,27.014997421251316
36,200,2024-03-21,9,61.37924509945995
36,200,2024-03-21,10,130.576900367105
36,200,2024-03-21,11,196.02153851426374
36,200,2024-03-21,12,231.68261398467897
36,200,2024-03-21,13,227.2137781767724
36,200,2024-03-21,14,168.94431334654558
36,200,2024-03-21,15,119.58662261597593
36,200,2024-03-21,16,51.41342487416802
36,200,2024-03-21,17,22.00482734361441
36,200,2024-03-21,18,0.0
36,200,2024-03-21,19,
36,200,2024-03-21,20,
36,200,2024-03-21,21,
37,160,2024-03-21,6,
37,160,2024-03-21,7,101.28927407711262
37,160,2024-03-21,8,111.77867051236866
37,160,2024-03-21,9,118.73832782541893
37,160,2024-03-21,10,193.71478597215503
37,160,2024-03-21,11,245.58094508462378
37,160,2024-03-21,12,255.7025418192362
37,160,2024-03-21,13,224.10616166025272
37,160,2024-03-21,14,148.93997275162315
37,160,2024-03-21,15,92.17193916990645
37,160,2024-03-21,16,33.17549175392868
37,160,2024-03-21,17,9.601378226624522
37,160,2024-03-21,18,0.0
37,160,2024-03-21,19,
37,160,2024-03-21,20,
37,160,2024-03-21,21,
37,165,2024-03-21,6,
37,165,2024-03-21,7,83.89114303302955
37,165,2024-03-21,8,102.05059244394123
37,165,2024-03-21,9,112.86226701890064
37,165,2024-03-21,10,188.173236096683
37,165,2024-03-21,11,242.46994473391018
37,165,2024-03-21,12,256.0171912688619
37,165,2024-03-21,13,227.51062123960122
37,165,2024-03-21,14,153.53575130406887
37,165,2024-03-21,15,96.99326614691952
37,165,2024-03-21,16,35.98604128716497
37,165,2024-03-21,17,11.287405819027086
37,165,2024-03-21,18,0.0
37,165,2024-03-21,19,
37,165,2024-03-21,20,
37,165,2024-03-21,21,
37,170,2024-03-21,6,
37,170,2024-03-21,7,66.43541594663564
37,170,2024-03-21,8,91.84498683684441
37,170,2024-03-21,9,106.51051239097852
37,170,2024-03-21,10,181.87714534478712
37,170,2024-03-21,11,238.44068295168813
37,170,2024-03-21,12,255.4012601150424
37,170,2024-03-21,13,230.1247720562554
37,170,2024-03-21,14,157.62737694013072
37,170,2024-03-21,15,101.51194609505109
37,170,2024-03-21,16,38.707199210238
37,170,2024-03-21,17,12.993125196039129
37,170,2024-03-21,18,0.0
37,170,2024-03-21,19,
37,170,2024-03-21,20,
37,170,2024-03-21,21,
37,175,2024-03-21,6,
37,175,2024-03-21,7,49.26421763161228
37,175,2024-03-21,8,81.24714854053265
37,175,2024-03-21,9,99.73186743364063
37,175,2024-03-21,10,174.87040912257171
37,175,2024-03-21,11,233.51847564167673
37,175,2024-03-21,12,253.85994766719423
37,175,2024-03-21,13,231.9280714149929
37,175,2024-03-21,14,161.18659712680875
37,175,2024-03-21,15,105.69692662957331
37,175,2024-03-21,16,41.31846452408417
37,175,2024-03-21,17,14.689009652807565
37,175,2024-03-21,18,0.0
37,175,2024-03-21,19,
37,175,2024-03-21,20,
37,175,2024-03-21,21,
37,180,2024-03-21,6,
37,180,2024-03-21,7,32.82320276446763
37,180,2024-03-21,8,70.35323374349261
37,180,2024-03-21,9,92.57776235735275
37,180,2024-03-21,10,167.20499810441447
37,180,2024-03-21,11,227.73758414420436
37,180,2024-03-21,12,251.40482764452145
37,180,2024-03-21,13,232.91001660279858
37,180,2024-03-21,14,164.18733280018236
37,180,2024-03-21,15,109.51898090878497
37,180,2024-03-21,16,43.79769014551025
37,180,2024-03-21,17,16.348522749729206
37,180,2024-03-21,18,0.0
37,180,2024-03-21,19,
37,180,2024-03-21,20,
37,180,2024-03-21,21,
37,185,2024-03-21,6,
37,185,2024-03-21,7,18.58667729032657
37,185,2024-03-21,8,59.26431289035138
37,185,2024-03-21,9,85.10530395781056
37,185,2024-03-21,10,158.93197544268816
37,185,2024-03-21,11,221.13526606506815
37,185,2024-03-21,12,248.04960452694942
37,185,2024-03-21,13,233.0642716535333
37,185,2024-03-21,14,166.61025291058286
37,185,2024-03-21,15,112.95182762116823
37,185,2024-03-21,16,46.125982537718535
37,185,2024-03-21,17,17.949729031284928
37,185,2024-03-21,18,0.0
37,185,2024-03-21,19,
37,185,2024-03-21,20,
37,185,2024-03-21,21,
37,190,2024-03-21,6,
37,190,2024-03-21,7,17.095932337385577
37,190,2024-03-21,8,48.10578512323693
37,190,2024-03-21,9,77.37303704439746
37,190,2024-03-21,10,150.1091090639667
37,190,2024-03-21,11,213.75762391924962
37,190,2024-03-21,12,243.81902020956704
37,190,2024-03-21,13,232.38648389331902
37,190,2024-03-21,14,168.43649088966922
37,190,2024-03-21,15,115.9706371965851
37,190,2024-03-21,16,48.28604966973069
37,190,2024-03-21,17,19.47762733667495
37,190,2024-03-21,18,0.0
37,190,2024-03-21,19,
37,190,2024-03-21,20,
37,190,2024-03-21,21,
37,195,2024-03-21,6,
37,195,2024-03-21,7,15.853066168365118
37,195,2024-03-21,8,37.04102426831126
37,195,2024-03-21,9,69.4433487256243
37,195,2024-03-21,10,140.80379002075847
37,195,2024-03-21,11,205.65471233132467
37,195,2024-03-21,12,238.73947012476393
37,195,2024-03-21,13,230.88463635655722
37,195,2024-03-21,14,169.65758032833094
37,195,2024-03-21,15,118.55753102757271
37,195,2024-03-21,16,50.261789849655464
37,195,2024-03-21,17,20.920095320852294
37,195,2024-03-21,18,0.0
37,195,2024-03-21,19,
37,195,2024-03-21,20,
37,195,2024-03-21,21,
37,200,2024-03-21,6,
37,200,2024-03-21,7,14.838993724318941
37,200,2024-03-21,8,26.455424642820255
37,200,2024-03-21,9,61.388161940599005
37,200,2024-03-21,10,131.08053520804324
37,200,2024-03-21,11,196.88150497911104
37,200,2024-03-21,12,232.85056866415206
37,200,2024-03-21,13,228.56689135487954
37,200,2024-03-21,14,170.260794102181
37,200,2024-03-21,15,120.69144359025194
37,200,2024-03-21,16,52.038315080117556
37,200,2024-03-21,17,22.26585495414784
37,200,2024-03-21,18,0.0
37,200,2024-03-21,19,
37,200,2024-03-21,20,
37,200,2024-03-21,21,
38,160,2024-03-21,6,
38,160,2024-03-21,7,103.44511069768963
38,160,2024-03-21,8,113.62536586070689
38,160,2024-03-21,9,120.38020607105473
38,160,2024-03-21,10,195.86664411197347
38,160,2024-03-21,11,247.5935235110292
38,160,2024-03-21,12,257.34615438125866
38,160,2024-03-21,13,225.271502678461
38,160,2024-03-21,14,149.6538988860242
38,160,2024-03-21,15,92.49433319447616
38,160,2024-03-21,16,33.249246990854985
38,160,2024-03-21,17,9.537144895448133
38,160,2024-03-21,18,0.0
38,160,2024-03-21,19,
38,160,2024-03-21,20,
38,160,2024-03-21,21,
38,165,2024-03-21,6,
38,165,2024-03-21,7,85.53128067266542
38,165,2024-03-21,8,103.61398048787174
38,165,2024-03-21,9,114.33212355256944
38,165,2024-03-21,10,190.17334112403455
38,165,2024-03-21,11,244.4077984537113
38,165,2024-03-21,12,257.66851116105545
38,165,2024-03-21,13,228.76109432329423
38,165,2024-03-21,14,154.36662002584916
38,165,2024-03-21,15,97.44117401065694
38,165,2024-03-21,16,36.13835566078201
38,165,2024-03-21,17,11.262743403511159
38,165,2024-03-21,18,0.0
38,165,2024-03-21,19,
38,165,2024-03-21,20,
38,165,2024-03-21,21,
38,170,2024-03-21,6,
38,170,2024-03-21,7,67.55212584999617
38,170,2024-03-21,8,93.11065983641474
38,170,2024-03-21,9,107.79693095913319
38,170,2024-03-21,10,183.70657359078865
38,170,2024-03-21,11,240.27440959941
38,170,2024-03-21,12,257.037434388869
38,170,2024-03-21,13,231.43694875926036
38,170,2024-03-21,14,158.56144276162303
38,170,2024-03-21,15,102.07697971986222
38,170,2024-03-21,16,38.936508529484556
38,170,2024-03-21,17,13.01113624894267
38,170,2024-03-21,18,0.0
38,170,2024-03-21,19,
38,170,2024-03-21,20,
38,170,2024-03-21,21,
38,175,2024-03-21,6,
38,175,2024-03-21,7,49.86670453887868
38,175,2024-03-21,8,82.20544514021114
38,175,2024-03-21,9,100.82105205393029
38,175,2024-03-21,10,176.5091992525528
38,175,2024-03-21,11,235.22950611249325
38,175,2024-03-21,12,255.4597563488678
38,175,2024-03-21,13,233.2832668813787
38,175,2024-03-21,14,162.20983459846883
38,175,2024-03-21,15,106.36990309319731
38,175,2024-03-21,16,41.62093172882334
38,175,2024-03-21,17,14.75010346978097
38,175,2024-03-21,18,0.0
38,175,2024-03-21,19,
38,175,2024-03-21,20,
38,175,2024-03-21,21,
38,180,2024-03-21,6,
38,180,2024-03-21,7,32.94035671206301
38,180,2024-03-21,8,70.99186374435294
38,180,2024-03-21,9,93.45949251418426
38,180,2024-03-21,10,168.63356144173986
38,180,2024-03-21,11,229.3009964922977
38,180,2024-03-21,12,252.94236044226903
38,180,2024-03-21,13,234.28923271509322
38,180,2024-03-21,14,165.28618186781603
38,180,2024-03-21,15,110.29009210948982
38,180,2024-03-21,16,44.16981034721033
38,180,2024-03-21,17,16.45206979202862
38,180,2024-03-21,18,0.0
38,180,2024-03-21,19,
38,180,2024-03-21,20,
38,180,2024-03-21,21,
38,185,2024-03-21,6,
38,185,2024-03-21,7,18.580186796256065
38,185,2024-03-21,8,59.579880797482524
38,185,2024-03-21,9,85.76878353998897
38,185,2024-03-21,10,160.13320607792323
38,185,2024-03-21,11,222.53366752982305
38,185,2024-03-21,12,249.50689217504336
38,185,2024-03-21,13,234.44673130726838
38,185,2024-03-21,14,167.77055951728119
38,185,2024-03-21,15,113.8107469294273
38,185,2024-03-21,16,46.56305154769147
38,185,2024-03-21,17,18.093883200718835
38,185,2024-03-21,18,0.0
38,185,2024-03-21,19,
38,185,2024-03-21,20,
38,185,2024-03-21,21,
38,190,2024-03-21,6,
38,190,2024-03-21,7,17.063509766562273
38,190,2024-03-21,8,48.097323964044406
38,190,2024-03-21,9,77.81171446103332
38,190,2024-03-21,10,151.07134283176333
38,190,2024-03-21,11,214.96819801553573
38,190,2024-03-21,12,245.17177330419514
38,190,2024-03-21,13,233.75244138743324
38,190,2024-03-21,14,169.64439069873833
38,190,2024-03-21,15,116.90874904775768
38,190,2024-03-21,16,48.783517737171984
38,190,2024-03-21,17,19.66065489855177
38,190,2024-03-21,18,0.0
38,190,2024-03-21,19,
38,190,2024-03-21,20,
38,190,2024-03-21,21,
38,195,2024-03-21,6,
38,195,2024-03-21,7,15.80491934245465
38,195,2024-03-21,8,36.71858570468649
38,195,2024-03-21,9,69.6516133124222
38,195,2024-03-21,10,141.5106850361017
38,195,2024-03-21,11,206.6601770962114
38,195,2024-03-21,12,239.9704915949218
38,195,2024-03-21,13,232.21268713085465
38,195,2024-03-21,14,170.89574596989092
38,195,2024-03-21,15,119.56151521669042
38,195,2024-03-21,16,50.814452055353065
38,195,2024-03-21,17,21.139187276921923
38,195,2024-03-21,18,0.0
38,195,2024-03-21,19,
38,195,2024-03-21,20,
38,195,2024-03-21,21,
38,200,2024-03-21,6,
38,200,2024-03-21,7,14.783543187358804
38,200,2024-03-21,8,25.889013743207926
38,200,2024-03-21,9,61.36191991367076
38,200,2024-03-21,10,131.5194114466197
38,200,2024-03-21,11,197.6634396702812
38,200,2024-03-21,12,233.9342266802102
38,200,2024-03-21,13,229.84033626270588
38,200,2024-03-21,14,171.51428700252836
38,200,2024-03-21,15,121.75128171899586
38,200,2024-03-21,16,52.64134067579958
38,200,2024-03-21,17,22.51874277296549
38,200,2024-03-21,18,0.0
38,200,2024-03-21,19,
38,200,2024-03-21,20,
38,200,2024-03-21,21,
39,160,2024-03-21,6,
39,160,2024-03-21,7,105.56929016970682
39,160,2024-03-21,8,115.42102588887604
39,160,2024-03-21,9,121.96470365947607
39,160,2024-03-21,10,197.93366788299932
39,160,2024-03-21,11,249.51703411323666
39,160,2024-03-21,12,258.9000760489957
39,160,2024-03-21,13,226.3607603038725
39,160,2024-03-21,14,150.31106673237036
39,160,2024-03-21,15,92.78114318986589
39,160,2024-03-21,16,33.307018986958965
39,160,2024-03-21,17,9.470026784047526
39,160,2024-03-21,18,0.0
39,160,2024-03-21,19,
39,160,2024-03-21,20,
39,160,2024-03-21,21,
39,165,2024-03-21,6,
39,165,2024-03-21,7,87.14369334677676
39,165,2024-03-21,8,105.13225287931868
39,165,2024-03-21,9,115.75048736900276
39,165,2024-03-21,10,192.09234531089155
39,165,2024-03-21,11,246.25212529713426
39,165,2024-03-21,12,259.22960043954356
39,165,2024-03-21,13,229.9306678096118
39,165,2024-03-21,14,155.13923624312162
39,165,2024-03-21,15,97.84915985347052
39,165,2024-03-21,16,36.274024246307945
39,165,2024-03-21,17,11.234054037777806
39,165,2024-03-21,18,0.0
39,165,2024-03-21,19,
39,165,2024-03-21,20,
39,165,2024-03-21,21,
39,170,2024-03-21,6,
39,170,2024-03-21,7,68.6485395330792
39,170,2024-03-21,8,94.33595921954607
39,170,2024-03-21,9,109.03199822883207
39,170,2024-03-21,10,185.4543254016121
39,170,2024-03-21,11,242.0201579122711
39,170,2024-03-21,12,258.5843491000983
39,170,2024-03-21,13,232.66939716039843
39,170,2024-03-21,14,159.43538746105492
39,170,2024-03-21,15,102.60133508639339
39,170,2024-03-21,16,39.147308971418184
39,170,2024-03-21,17,13.02409090838178
39,170,2024-03-21,18,0.0
39,170,2024-03-21,19,
39,170,2024-03-21,20,
39,170,2024-03-21,21,
39,175,2024-03-21,6,
39,175,2024-03-21,7,50.454006314753556
39,175,2024-03-21,8,83.12482131876752
39,175,2024-03-21,9,101.86219068786122
39,175,2024-03-21,10,178.06924634618272
39,175,2024-03-21,11,236.85134013985024
39,175,2024-03-21,12,256.9685514172601
39,175,2024-03-21,13,234.56085043606168
39,175,2024-03-21,14,163.1734043715544
39,175,2024-03-21,15,107.00139872930156
39,175,2024-03-21,16,41.904529811158696
39,175,2024-03-21,17,14.805585475811629
39,175,2024-03-21,18,0.0
39,175,2024-03-21,19,
39,175,2024-03-21,20,
39,175,2024-03-21,21,
39,180,2024-03-21,6,
39,180,2024-03-21,7,33.04776852429171
39,180,2024-03-21,8,71.59798561793309
39,180,2024-03-21,9,94.29510415980067
39,180,2024-03-21,10,169.98614482679847
39,180,2024-03-21,11,230.7792580565066
39,180,2024-03-21,12,254.39265814469803
39,180,2024-03-21,13,235.5892972239555
39,180,2024-03-21,14,166.32472535044639
39,180,2024-03-21,15,111.01871769840949
39,180,2024-03-21,16,44.522228297896525
39,180,2024-03-21,17,16.549593289442324
39,180,2024-03-21,18,0.0
39,180,2024-03-21,19,
39,180,2024-03-21,20,
39,180,2024-03-21,21,
39,185,2024-03-21,6,
39,185,2024-03-21,7,18.573388579681044
39,185,2024-03-21,8,59.865811619040755
39,185,2024-03-21,9,86.38940613160919
39,185,2024-03-21,10,161.26335106778626
39,185,2024-03-21,11,223.84546496065562
39,185,2024-03-21,12,250.87435004056613
39,185,2024-03-21,13,235.74947462841237
39,185,2024-03-21,14,168.86907494326533
39,185,2024-03-21,15,114.62753179477605
39,185,2024-03-21,16,46.980310889083
39,185,2024-03-21,17,18.231606926633333
39,185,2024-03-21,18,0.0
39,185,2024-03-21,19,
39,185,2024-03-21,20,
39,185,2024-03-21,21,
39,190,2024-03-21,6,
39,190,2024-03-21,7,17.031830819635196
39,190,2024-03-21,8,48.06259988875215
39,190,2024-03-21,9,78.20941934739086
39,190,2024-03-21,10,151.96251711632078
39,190,2024-03-21,11,216.09781272517347
39,190,2024-03-21,12,246.44006141884034
39,190,2024-03-21,13,235.03983675293713
39,190,2024-03-21,14,170.7879024260042
39,190,2024-03-21,15,117.80205017058867
39,190,2024-03-21,16,49.26059880475731
39,190,2024-03-21,17,19.83655703507038
39,190,2024-03-21,18,0.0
39,190,2024-03-21,19,
39,190,2024-03-21,20,
39,190,2024-03-21,21,
39,195,2024-03-21,6,
39,195,2024-03-21,7,15.758044153436384
39,195,2024-03-21,8,36.375850836284116
39,195,2024-03-21,9,69.82096696721231
39,195,2024-03-21,10,142.14813391757647
39,195,2024-03-21,11,207.58408364490452
39,195,2024-03-21,12,241.11510009773463
39,195,2024-03-21,13,233.4650449529753
39,195,2024-03-21,14,172.06962859327422
39,195,2024-03-21,15,120.5200674183335
39,195,2024-03-21,16,51.3458574743571
39,195,2024-03-21,17,21.351232736375472
39,195,2024-03-21,18,0.0
39,195,2024-03-21,19,
39,195,2024-03-21,20,
39,195,2024-03-21,21,
39,200,2024-03-21,6,
39,200,2024-03-21,7,14.730089515543394
39,200,2024-03-21,8,25.316978839460656
39,200,2024-03-21,9,61.30037211831654
39,200,2024-03-21,10,131.89494982312158
39,200,2024-03-21,11,198.36716916728528
39,200,2024-03-21,12,234.93689346483862
39,200,2024-03-21,13,231.0373367490672
39,200,2024-03-21,14,172.70402274525645
39,200,2024-03-21,15,122.76419273214842
39,200,2024-03-21,16,53.221478874511305
39,200,2024-03-21,17,22.76392692875067
39,200,2024-03-21,18,0.0
39,200,2024-03-21,19,
39,200,2024-03-21,20,
39,200,2024-03-21,21,
40,160,2024-03-21,6,
40,160,2024-03-21,7,107.66005249314904
40,160,2024-03-21,8,117.1702379414331
40,160,2024-03-21,9,123.49708713437371
40,160,2024-03-21,10,199.91733217120498
40,160,2024-03-21,11,251.34777706192068
40,160,2024-03-21,12,260.3635976345637
40,160,2024-03-21,13,227.3733655108394
40,160,2024-03-21,14,150.91347556505633
40,160,2024-03-21,15,93.02990082433936
40,160,2024-03-21,16,33.34884205082075
40,160,2024-03-21,17,9.400024939301996
40,160,2024-03-21,18,0.0
40,160,2024-03-21,19,
40,160,2024-03-21,20,
40,160,2024-03-21,21,
40,165,2024-03-21,6,
40,165,2024-03-21,7,88.72875972580611
40,165,2024-03-21,8,106.60492844069896
40,165,2024-03-21,9,117.11583546585784
40,165,2024-03-21,10,193.928194342136
40,165,2024-03-21,11,248.0077359899284
40,165,2024-03-21,12,260.70139022837117
40,165,2024-03-21,13,231.02475956688443
40,165,2024-03-21,14,155.85384555065292
40,165,2024-03-21,15,98.22156412125699
40,165,2024-03-21,16,36.393040740497
40,165,2024-03-21,17,11.201149237063191
40,165,2024-03-21,18,0.0
40,165,2024-03-21,19,
40,165,2024-03-21,20,
40,165,2024-03-21,21,
40,170,2024-03-21,6,
40,170,2024-03-21,7,69.72297757938367
40,170,2024-03-21,8,95.51954496462957
40,170,2024-03-21,9,110.21771725568861
40,170,2024-03-21,10,187.1250211048734
40,170,2024-03-21,11,243.6744041375611
40,170,2024-03-21,12,260.0424154144219
40,170,2024-03-21,13,233.82503787922496
40,170,2024-03-21,14,160.25154144866735
40,170,2024-03-21,15,103.08677358037866
40,170,2024-03-21,16,39.34152003441011
40,170,2024-03-21,17,13.032413727242602
40,170,2024-03-21,18,0.0
40,170,2024-03-21,19,
40,170,2024-03-21,20,
40,170,2024-03-21,21,
40,175,2024-03-21,6,
40,175,2024-03-21,7,51.025788288826405
40,175,2024-03-21,8,84.00761295523215
40,175,2024-03-21,9,102.85551671198851
40,175,2024-03-21,10,179.55195706937056
40,175,2024-03-21,11,238.38355261383
40,175,2024-03-21,12,258.38971088764566
40,175,2024-03-21,13,235.7576531432577
40,175,2024-03-21,14,164.07682704803074
40,175,2024-03-21,15,107.59170390522048
40,175,2024-03-21,16,42.169624654672376
40,175,2024-03-21,17,14.855772224488948
40,175,2024-03-21,18,0.0
40,175,2024-03-21,19,
40,175,2024-03-21,20,
40,175,2024-03-21,21,
40,180,2024-03-21,6,
40,180,2024-03-21,7,33.145614919664354
40,180,2024-03-21,8,72.1695212656219
40,180,2024-03-21,9,95.08519385576147
40,180,2024-03-21,10,171.26452237257706
40,180,2024-03-21,11,232.1699453097251
40,180,2024-03-21,12,255.757900127506
40,180,2024-03-21,13,236.80872382843694
40,180,2024-03-21,14,167.30272122470853
40,180,2024-03-21,15,111.70598100990807
40,180,2024-03-21,16,44.85522253799806
40,180,2024-03-21,17,16.640980541177573
40,180,2024-03-21,18,0.0
40,180,2024-03-21,19,
40,180,2024-03-21,20,
40,180,2024-03-21,21,
40,185,2024-03-21,6,
40,185,2024-03-21,7,18.566060894668585
40,185,2024-03-21,8,60.12220247621072
40,185,2024-03-21,9,86.96773608450656
40,185,2024-03-21,10,162.32165345721722
40,185,2024-03-21,11,225.07371028085316
40,185,2024-03-21,12,252.158065110365
40,185,2024-03-21,13,236.9736885390468
40,185,2024-03-21,14,169.90632434416347
40,185,2024-03-21,15,115.4002472951571
40,185,2024-03-21,16,47.37707448701335
40,185,2024-03-21,17,18.362726076855154
40,185,2024-03-21,18,0.0
40,185,2024-03-21,19,
40,185,2024-03-21,20,
40,185,2024-03-21,21,
40,190,2024-03-21,6,
40,190,2024-03-21,7,17.000161476860036
40,190,2024-03-21,8,48.003889489017766
40,190,2024-03-21,9,78.56770098529682
40,190,2024-03-21,10,152.78481453529747
40,190,2024-03-21,11,217.1422699826199
40,190,2024-03-21,12,247.62167389502105
40,190,2024-03-21,13,236.24744031884705
40,190,2024-03-21,14,171.8706474137467
40,190,2024-03-21,15,118.65072914876276
40,190,2024-03-21,16,49.71611038811902
40,190,2024-03-21,17,20.00555958325355
40,190,2024-03-21,18,0.0
40,190,2024-03-21,19,
40,190,2024-03-21,20,
40,190,2024-03-21,21,
40,195,2024-03-21,6,
40,195,2024-03-21,7,15.712608578837743
40,195,2024-03-21,8,36.013557558779084
40,195,2024-03-21,9,69.9549498490064
40,195,2024-03-21,10,142.72216410759717
40,195,2024-03-21,11,208.43122187858185
40,195,2024-03-21,12,242.17713715415704
40,195,2024-03-21,13,234.6372208869879
40,195,2024-03-21,14,173.1815932005377
40,195,2024-03-21,15,121.43334041204824
40,195,2024-03-21,16,51.85562173367318
40,195,2024-03-21,17,21.55544326156531
40,195,2024-03-21,18,0.0
40,195,2024-03-21,19,
40,195,2024-03-21,20,
40,195,2024-03-21,21,
40,200,2024-03-21,6,
40,200,2024-03-21,7,14.678601391229229
40,200,2024-03-21,8,24.740785440325595
40,200,2024-03-21,9,61.20525921373729
40,200,2024-03-21,10,132.20731399936153
40,200,2024-03-21,11,198.99662356199386
40,200,2024-03-21,12,235.8597964243617
40,200,2024-03-21,13,232.15609244487854
40,200,2024-03-21,14,173.83073717559398
40,200,2024-03-21,15,123.73057652642879
40,200,2024-03-21,16,53.7795006091208
40,200,2024-03-21,17,23.00086383536226
40,200,2024-03-21,18,0.0
40,200,2024-03-21,19,
40,200,2024-03-21,20,
40,200,2024-03-21,21,
41,160,2024-03-21,6,
41,160,2024-03-21,7,109.71422121665556
41,160,2024-03-21,8,118.86802158712574
41,160,2024-03-21,9,124.97380451482772
41,160,2024-03-21,10,201.816091436382
41,160,2024-03-21,11,253.086802940374
41,160,2024-03-21,12,261.74023716774514
41,160,2024-03-21,13,228.31033475110652
41,160,2024-03-21,14,151.45922875231975
41,160,2024-03-21,15,93.2434945448963
41,160,2024-03-21,16,33.375976589656844
41,160,2024-03-21,17,9.327166306008008
41,160,2024-03-21,18,0.0
41,160,2024-03-21,19,
41,160,2024-03-21,20,
41,160,2024-03-21,21,
41,165,2024-03-21,6,
41,165,2024-03-21,7,90.28580636988087
41,165,2024-03-21,8,108.03312162037625
41,165,2024-03-21,9,118.42951879445828
41,165,2024-03-21,10,195.6827058786921
41,165,2024-03-21,11,249.6681724709297
41,165,2024-03-21,12,262.0871663742799
41,165,2024-03-21,13,232.0400229937673
41,165,2024-03-21,14,156.51152152913977
41,165,2024-03-21,15,98.55481067908812
41,165,2024-03-21,16,36.49576127585384
41,165,2024-03-21,17,11.164304538911406
41,165,2024-03-21,18,0.0
41,165,2024-03-21,19,
41,165,2024-03-21,20,
41,165,2024-03-21,21,
41,170,2024-03-21,6,
41,170,2024-03-21,7,70.77538823820062
41,170,2024-03-21,8,96.6611370580667
41,170,2024-03-21,9,111.35310564167119
41,170,2024-03-21,10,188.71424824331248
41,170,2024-03-21,11,245.2407138674531
41,170,2024-03-21,12,261.41087642628895
41,170,2024-03-21,13,234.90162495988704
41,170,2024-03-21,14,161.00948568524808
41,170,2024-03-21,15,103.5322796356972
41,170,2024-03-21,16,39.51740997721144
41,170,2024-03-21,17,13.036032620412822
41,170,2024-03-21,18,0.0
41,170,2024-03-21,19,
41,170,2024-03-21,20,
41,170,2024-03-21,21,
41,175,2024-03-21,6,
41,175,2024-03-21,7,51.5819518305436
41,175,2024-03-21,8,84.85175160857756
41,175,2024-03-21,9,103.8012439589595
41,175,2024-03-21,10,180.95682280405575
41,175,2024-03-21,11,239.8323626389887
41,175,2024-03-21,12,259.7238184346082
41,175,2024-03-21,13,236.87487862436683
41,175,2024-03-21,14,164.91987121283694
41,175,2024-03-21,15,108.14150400319447
41,175,2024-03-21,16,42.41615970508866
41,175,2024-03-21,17,14.900753437967493
41,175,2024-03-21,18,0.0
41,175,2024-03-21,19,
41,175,2024-03-21,20,
41,175,2024-03-21,21,
41,180,2024-03-21,6,
41,180,2024-03-21,7,33.23455876091664
41,180,2024-03-21,8,72.7080819721041
41,180,2024-03-21,9,95.83066226716033
41,180,2024-03-21,10,172.46842332722014
41,180,2024-03-21,11,233.47612782870465
41,180,2024-03-21,12,257.02996160737325
41,180,2024-03-21,13,237.94962585121925
41,180,2024-03-21,14,168.21848787420038
41,180,2024-03-21,15,112.3506478681557
41,180,2024-03-21,16,45.1690340727732
41,180,2024-03-21,17,16.72650644334251
41,180,2024-03-21,18,0.0
41,180,2024-03-21,19,
41,180,2024-03-21,20,
41,180,2024-03-21,21,
41,185,2024-03-21,6,
41,185,2024-03-21,7,18.558969112195687
41,185,2024-03-21,8,60.34923302551013
41,185,2024-03-21,9,87.50462810514372
41,185,2024-03-21,10,163.30761416430892
41,185,2024-03-21,11,226.21755008209877
41,185,2024-03-21,12,253.354042630249
41,185,2024-03-21,13,238.11865703253713
41,185,2024-03-21,14,170.8821641013367
41,185,2024-03-21,15,116.12967661843345
41,185,2024-03-21,16,47.75351759136827
41,185,2024-03-21,17,18.487456178254735
41,185,2024-03-21,18,0.0
41,185,2024-03-21,19,
41,185,2024-03-21,20,
41,185,2024-03-21,21,
41,190,2024-03-21,6,
41,190,2024-03-21,7,16.969081591602936
41,190,2024-03-21,8,47.919944041981466
41,190,2024-03-21,9,78.88719529397815
41,190,2024-03-21,10,153.5380761646325
41,190,2024-03-21,11,218.1080348176706
41,190,2024-03-21,12,248.71894673465292
41,190,2024-03-21,13,237.3772237829649
41,190,2024-03-21,14,172.89062226406736
41,190,2024-03-21,15,119.45424135343693
41,190,2024-03-21,16,50.1510380633064
41,190,2024-03-21,17,20.167165445459514
41,190,2024-03-21,18,0.0
41,190,2024-03-21,19,
41,190,2024-03-21,20,
41,190,2024-03-21,21,
41,195,2024-03-21,6,
41,195,2024-03-21,7,15.668010605011608
41,195,2024-03-21,8,35.63330919990885
41,195,2024-03-21,9,70.05163068079835
41,195,2024-03-21,10,143.23051977181703
41,195,2024-03-21,11,209.19936782663245
41,195,2024-03-21,12,243.1550292341234
41,195,2024-03-21,13,235.7328770318329
41,195,2024-03-21,14,174.23080666144045
41,195,2024-03-21,15,122.30281708749075
41,195,2024-03-21,16,52.34349603898509
41,195,2024-03-21,17,21.751929691434896
41,195,2024-03-21,18,0.0
41,195,2024-03-21,19,
41,195,2024-03-21,20,
41,195,2024-03-21,21,
41,200,2024-03-21,6,
41,200,2024-03-21,7,14.62882598739652
41,200,2024-03-21,8,24.168272389480634
41,200,2024-03-21,9,61.07784339523235
41,200,2024-03-21,10,132.457434523001
41,200,2024-03-21,11,199.54892744781455
41,200,2024-03-21,12,236.69906247625312
41,200,2024-03-21,13,233.195537736093
41,200,2024-03-21,14,174.89567412022055
41,200,2024-03-21,15,124.65152402503705
41,200,2024-03-21,16,54.314847132206836
41,200,2024-03-21,17,23.229671186018358
41,200,2024-03-21,18,0.0
41,200,2024-03-21,19,
41,200,2024-03-21,20,
41,200,2024-03-21,21,
42,160,2024-03-21,6,
42,160,2024-03-21,7,111.73366458818337
42,160,2024-03-21,8,120.51724141527919
42,160,2024-03-21,9,126.39672592121505
42,160,2024-03-21,10,203.63331699406996
42,160,2024-03-21,11,254.73427834934085
42,160,2024-03-21,12,263.02812812314505
42,160,2024-03-21,13,229.1699021898454
42,160,2024-03-21,14,151.94912891781524
42,160,2024-03-21,15,93.42079077945924
42,160,2024-03-21,16,33.387580359198736
42,160,2024-03-21,17,9.252023795040108
42,160,2024-03-21,18,0.0
42,160,2024-03-21,19,
42,160,2024-03-21,20,
42,160,2024-03-21,21,
42,165,2024-03-21,6,
42,165,2024-03-21,7,91.81279220526622
42,165,2024-03-21,8,109.41396575532715
42,165,2024-03-21,9,119.69068802215605
42,165,2024-03-21,10,197.35471769117356
42,165,2024-03-21,11,251.2407396653462
42,165,2024-03-21,12,263.3807450354941
42,165,2024-03-21,13,232.9769092863241
42,165,2024-03-21,14,157.11203331041054
42,165,2024-03-21,15,98.8505091552039
42,165,2024-03-21,16,36.5824488629395
42,165,2024-03-21,17,11.123551593496344
42,165,2024-03-21,18,0.0
42,165,2024-03-21,19,
42,165,2024-03-21,20,
42,165,2024-03-21,21,
42,170,2024-03-21,6,
42,170,2024-03-21,7,71.8058602990778
42,170,2024-03-21,8,97.76282323670142
42,170,2024-03-21,9,112.43996943290973
42,170,2024-03-21,10,190.2235860861403
42,170,2024-03-21,11,246.71632263653603
42,170,2024-03-21,12,262.6906304602636
42,170,2024-03-21,13,235.89845889507518
42,170,2024-03-21,14,161.70968636823787
42,170,2024-03-21,15,103.93952704929372
42,170,2024-03-21,16,39.67655250018112
42,170,2024-03-21,17,13.034908979526106
42,170,2024-03-21,18,0.0
42,170,2024-03-21,19,
42,170,2024-03-21,20,
42,170,2024-03-21,21,
42,175,2024-03-21,6,
42,175,2024-03-21,7,52.12252625924671
42,175,2024-03-21,8,85.65907248504621
42,175,2024-03-21,9,104.70065370948433
42,175,2024-03-21,10,182.28630057317608
42,175,2024-03-21,11,241.1878150935588
42,175,2024-03-21,12,260.9666803863742
42,175,2024-03-21,13,237.91657069884099
42,175,2024-03-21,14,165.70513142242174
42,175,2024-03-21,15,108.65057021597451
42,175,2024-03-21,16,42.64508732054252
42,175,2024-03-21,17,14.940149599770727
42,175,2024-03-21,18,0.0
42,175,2024-03-21,19,
42,175,2024-03-21,20,
42,175,2024-03-21,21,
42,180,2024-03-21,6,
42,180,2024-03-21,7,33.31442807631443
42,180,2024-03-21,8,73.2140217319795
42,180,2024-03-21,9,96.5325793341948
42,180,2024-03-21,10,173.5987693828963
42,180,2024-03-21,11,234.69623053551905
42,180,2024-03-21,12,258.21775744912463
42,180,2024-03-21,13,239.01147868784906
42,180,2024-03-21,14,169.07597338764504
42,180,2024-03-21,15,112.95312393140735
42,180,2024-03-21,16,45.46335428605057
42,180,2024-03-21,17,16.806046821644156
42,180,2024-03-21,18,0.0
42,180,2024-03-21,19,
42,180,2024-03-21,20,
42,180,2024-03-21,21,
42,185,2024-03-21,6,
42,185,2024-03-21,7,18.55062032513119
42,185,2024-03-21,8,60.54863069355974
42,185,2024-03-21,9,87.9996846204663
42,185,2024-03-21,10,164.2215505054869
42,185,2024-03-21,11,227.27978626730146
42,185,2024-03-21,12,254.4662758694514
42,185,2024-03-21,13,239.18441921599288
42,185,2024-03-21,14,171.79480964247264
42,185,2024-03-21,15,116.81667221120617
42,185,2024-03-21,16,48.10967883422781
42,185,2024-03-21,17,18.60571121634156
42,185,2024-03-21,18,0.0
42,185,2024-03-21,19,
42,185,2024-03-21,20,
42,185,2024-03-21,21,
42,190,2024-03-21,6,
42,190,2024-03-21,7,16.93796079112493
42,190,2024-03-21,8,47.81193221238867
42,190,2024-03-21,9,79.16807998354454
42,190,2024-03-21,10,154.22414847879872
42,190,2024-03-21,11,218.99249359699712
42,190,2024-03-21,12,249.73220514416846
42,190,2024-03-21,13,238.4268909690756
42,190,2024-03-21,14,173.8495991477389
42,190,2024-03-21,15,120.21506632852268
42,190,2024-03-21,16,50.56502921565652
42,190,2024-03-21,17,20.32188538752319
42,190,2024-03-21,18,0.0
42,190,2024-03-21,19,
42,190,2024-03-21,20,
42,190,2024-03-21,21,
42,195,2024-03-21,6,
42,195,2024-03-21,7,15.624493091747537
42,195,2024-03-21,8,35.23492500489639
42,195,2024-03-21,9,70.11348796572506
42,195,2024-03-21,10,143.67399007935376
42,195,2024-03-21,11,209.8883206409089
42,195,2024-03-21,12,244.05096979698652
42,195,2024-03-21,13,236.74799282046456
42,195,2024-03-21,14,175.2175225654028
42,195,2024-03-21,15,123.12415169254479
42,195,2024-03-21,16,52.809586245936444
42,195,2024-03-21,17,21.94092844507615
42,195,2024-03-21,18,0.0
42,195,2024-03-21,19,
42,195,2024-03-21,20,
42,195,2024-03-21,21,
42,200,2024-03-21,6,
42,200,2024-03-21,7,14.580764508098726
42,200,2024-03-21,8,23.609923005772433
42,200,2024-03-21,9,60.91896223871028
42,200,2024-03-21,10,132.64642007877904
42,200,2024-03-21,11,200.02722839232524
42,200,2024-03-21,12,237.45809916276056
42,200,2024-03-21,13,234.1573750680271
42,200,2024-03-21,14,175.896484486125
42,200,2024-03-21,15,125.52721175241476
42,200,2024-03-21,16,54.82891633950434
42,200,2024-03-21,17,23.450446943275438
42,200,2024-03-21,18,0.0
42,200,2024-03-21,19,
42,200,2024-03-21,20,
42,200,2024-03-21,21,
43,160,2024-03-21,6,
43,160,2024-03-21,7,113.71626020543407
43,160,2024-03-21,8,122.11769046230614
43,160,2024-03-21,9,127.76499480738319
43,160,2024-03-21,10,205.36433604007954
43,160,2024-03-21,11,256.28752436856735
43,160,2024-03-21,12,264.22523885989756
43,160,2024-03-21,13,229.9543888142006
43,160,2024-03-21,14,152.38403924683047
43,160,2024-03-21,15,93.56207680557492
43,160,2024-03-21,16,33.38458972332225
43,160,2024-03-21,17,9.174422388001984
43,160,2024-03-21,18,0.0
43,160,2024-03-21,19,
43,160,2024-03-21,20,
43,160,2024-03-21,21,
43,165,2024-03-21,6,
43,165,2024-03-21,7,93.31145189986735
43,165,2024-03-21,8,110.75100645564648
43,165,2024-03-21,9,120.89949980956443
43,165,2024-03-21,10,198.9463522650783
43,165,2024-03-21,11,252.72284847408338
43,165,2024-03-21,12,264.58564106154915
43,165,2024-03-21,13,233.8364935759305
43,165,2024-03-21,14,157.65682463106245
43,165,2024-03-21,15,99.10842538478093
43,165,2024-03-21,16,36.65295363193752
43,165,2024-03-21,17,11.078770016716392
43,165,2024-03-21,18,0.0
43,165,2024-03-21,19,
43,165,2024-03-21,20,
43,165,2024-03-21,21,
43,170,2024-03-21,6,
43,170,2024-03-21,7,72.81304525994034
43,170,2024-03-21,8,98.82124966648678
43,170,2024-03-21,9,113.47589156056253
43,170,2024-03-21,10,191.6539957622644
43,170,2024-03-21,11,248.10373674545536
43,170,2024-03-21,12,263.8821937590518
43,170,2024-03-21,13,236.8188397019598
43,170,2024-03-21,14,162.3482446610127
43,170,2024-03-21,15,104.30709855907159
43,170,2024-03-21,16,39.81905674048441
43,170,2024-03-21,17,13.029237215044379
43,170,2024-03-21,18,0.0
43,170,2024-03-21,19,
43,170,2024-03-21,20,
43,170,2024-03-21,21,
43,175,2024-03-21,6,
43,175,2024-03-21,7,52.64693372228112
43,175,2024-03-21,8,86.42965171831139
43,175,2024-03-21,9,105.55351793897606
43,175,2024-03-21,10,183.53801617062686
43,175,2024-03-21,11,242.46064318313915
43,175,2024-03-21,12,262.12514222172916
43,175,2024-03-21,13,238.87595071023804
43,175,2024-03-21,14,166.429250279327
43,175,2024-03-21,15,109.11954928982894
43,175,2024-03-21,16,42.85572986995591
43,175,2024-03-21,17,14.974333715471024
43,175,2024-03-21,18,0.0
43,175,2024-03-21,19,
43,175,2024-03-21,20,
43,175,2024-03-21,21,
43,180,2024-03-21,6,
43,180,2024-03-21,7,33.3846622821913
43,180,2024-03-21,8,73.68679719469621
43,180,2024-03-21,9,97.19040865509768
43,180,2024-03-21,10,174.65493304406826
43,180,2024-03-21,11,235.82817404660722
43,180,2024-03-21,12,259.3209926585664
43,180,2024-03-21,13,239.9944292806339
43,180,2024-03-21,14,169.8710324609683
43,180,2024-03-21,15,113.5139313611306
43,180,2024-03-21,16,45.73932093926508
43,180,2024-03-21,17,16.879471911184837
43,180,2024-03-21,18,0.0
43,180,2024-03-21,19,
43,180,2024-03-21,20,
43,180,2024-03-21,21,
43,185,2024-03-21,6,
43,185,2024-03-21,7,18.542235142819337
43,185,2024-03-21,8,60.719041534598134
43,185,2024-03-21,9,88.45312547286915
43,185,2024-03-21,10,165.06722972513433
43,185,2024-03-21,11,228.25872566222182
43,185,2024-03-21,12,255.48929087068217
43,185,2024-03-21,13,240.16952755787366
43,185,2024-03-21,14,172.6487146953054
43,185,2024-03-21,15,117.45976846096383
43,185,2024-03-21,16,48.446815544808736
43,185,2024-03-21,17,18.717094508883513
43,185,2024-03-21,18,0.0
43,185,2024-03-21,19,
43,185,2024-03-21,20,
43,185,2024-03-21,21,
43,190,2024-03-21,6,
43,190,2024-03-21,7,16.907360592477044
43,190,2024-03-21,8,47.681299413163785
43,190,2024-03-21,9,79.41176900356278
43,190,2024-03-21,10,154.84291004324865
43,190,2024-03-21,11,219.79608356949566
43,190,2024-03-21,12,250.65929199506988
43,190,2024-03-21,13,239.39824016917683
43,190,2024-03-21,14,174.74455645343315
43,190,2024-03-21,15,120.93082953571957
43,190,2024-03-21,16,50.95815687676768
43,190,2024-03-21,17,20.469688149177234
43,190,2024-03-21,18,0.0
43,190,2024-03-21,19,
43,190,2024-03-21,20,
43,190,2024-03-21,21,
43,195,2024-03-21,6,
43,195,2024-03-21,7,15.582041979879982
43,195,2024-03-21,8,34.81952558475582
43,195,2024-03-21,9,70.14150848258328
43,195,2024-03-21,10,144.05199777538675
43,195,2024-03-21,11,210.49923502971603
43,195,2024-03-21,12,244.860803425214
43,195,2024-03-21,13,237.68505562342733
43,195,2024-03-21,14,176.14381168509337
43,195,2024-03-21,15,123.90274080041607
43,195,2024-03-21,16,53.254444495224845
43,195,2024-03-21,17,22.12237446343913
43,195,2024-03-21,18,0.0
43,195,2024-03-21,19,
43,195,2024-03-21,20,
43,195,2024-03-21,21,
43,200,2024-03-21,6,
43,200,2024-03-21,7,14.534251238619014
43,200,2024-03-21,8,23.074427048744024
43,200,2024-03-21,9,60.72807346503404
43,200,2024-03-21,10,132.77615493173744
43,200,2024-03-21,11,200.4306576217612
43,200,2024-03-21,12,238.1360706491916
43,200,2024-03-21,13,235.04232897914773
43,200,2024-03-21,14,176.83511040486124
43,200,2024-03-21,15,126.35603681980425
43,200,2024-03-21,16,55.31988682173133
43,200,2024-03-21,17,23.663126294735697
43,200,2024-03-21,18,0.0
43,200,2024-03-21,19,
43,200,2024-03-21,20,
43,200,2024-03-21,21,
44,160,2024-03-21,6,
44,160,2024-03-21,7,115.65951838586378
44,160,2024-03-21,8,123.66724565475278
44,160,2024-03-21,9,129.07962045883772
44,160,2024-03-21,10,207.01398139719743
44,160,2024-03-21,11,257.7507239225829
44,160,2024-03-21,12,265.33573650003757
44,160,2024-03-21,13,230.66231469885204
44,160,2024-03-21,14,152.76483385195598
44,160,2024-03-21,15,93.66893802319287
44,160,2024-03-21,16,33.36712753520221
44,160,2024-03-21,17,9.094179376263833
44,160,2024-03-21,18,0.0
44,160,2024-03-21,19,
44,160,2024-03-21,20,
44,160,2024-03-21,21,
44,165,2024-03-21,6,
44,165,2024-03-21,7,94.77830931674319
44,165,2024-03-21,8,112.04066795366592
44,165,2024-03-21,9,122.05602543765252
44,165,2024-03-21,10,200.45825090799883
44,165,2024-03-21,11,254.11461640407097
44,165,2024-03-21,12,265.7009370885343
44,165,2024-03-21,13,234.62150446896118
44,165,2024-03-21,14,158.14501500126576
44,165,2024-03-21,15,99.33063087527171
44,165,2024-03-21,16,36.70801653546728
44,165,2024-03-21,17,11.03033598805883
44,165,2024-03-21,18,0.0
44,165,2024-03-21,19,
44,165,2024-03-21,20,
44,165,2024-03-21,21,
44,170,2024-03-21,6,
44,170,2024-03-21,7,73.79766906684003
44,170,2024-03-21,8,99.83872099025174
44,170,2024-03-21,9,114.46385463186681
44,170,2024-03-21,10,193.00781394181206
44,170,2024-03-21,11,249.40056316882402
44,170,2024-03-21,12,264.9850159135102
44,170,2024-03-21,13,237.65995149558003
44,170,2024-03-21,14,162.93298447826214
44,170,2024-03-21,15,104.63560037348914
44,170,2024-03-21,16,39.94399116932226
44,170,2024-03-21,17,13.019075223926597
44,170,2024-03-21,18,0.0
44,170,2024-03-21,19,
44,170,2024-03-21,20,
44,170,2024-03-21,21,
44,175,2024-03-21,6,
44,175,2024-03-21,7,53.15584005610398
44,175,2024-03-21,8,87.163470010022
44,175,2024-03-21,9,106.35890193547553
44,175,2024-03-21,10,184.71501623620009
44,175,2024-03-21,11,243.64217903622483
44,175,2024-03-21,12,263.19072109184617
44,175,2024-03-21,13,239.757986946171
44,175,2024-03-21,14,167.09675755002098
44,175,2024-03-21,15,109.54737756587754
44,175,2024-03-21,16,43.0484819324425
44,175,2024-03-21,17,15.003181655741743
44,175,2024-03-21,18,0.0
44,175,2024-03-21,19,
44,175,2024-03-21,20,
44,175,2024-03-21,21,
44,180,2024-03-21,6,
44,180,2024-03-21,7,33.44592400830609
44,180,2024-03-21,8,74.12783422245678
44,180,2024-03-21,9,97.80448446574668
44,180,2024-03-21,10,175.6396448699628
44,180,2024-03-21,11,236.8794230209882
44,180,2024-03-21,12,260.33340987169134
44,180,2024-03-21,13,240.8983398221612
44,180,2024-03-21,14,170.60651535897802
44,180,2024-03-21,15,114.03337628985756
44,180,2024-03-21,16,45.99605582966706
44,180,2024-03-21,17,16.947199384203085
44,180,2024-03-21,18,0.0
44,180,2024-03-21,19,
44,180,2024-03-21,20,
44,180,2024-03-21,21,
44,185,2024-03-21,6,
44,185,2024-03-21,7,18.532874688446306
44,185,2024-03-21,8,60.861767915726034
44,185,2024-03-21,9,88.86710590820522
44,185,2024-03-21,10,165.84226521095775
44,185,2024-03-21,11,229.15232993264212
44,185,2024-03-21,12,256.4286697043362
44,185,2024-03-21,13,241.07543430195835
44,185,2024-03-21,14,173.44094438365727
44,185,2024-03-21,15,118.06041176391331
44,185,2024-03-21,16,48.763888742644696
44,185,2024-03-21,17,18.822057029432163
44,185,2024-03-21,18,0.0
44,185,2024-03-21,19,
44,185,2024-03-21,20,
44,185,2024-03-21,21,
44,190,2024-03-21,6,
44,190,2024-03-21,7,16.877032056072885
44,190,2024-03-21,8,47.52761178821709
44,190,2024-03-21,9,79.61846335081927
44,190,2024-03-21,10,155.39663865400405
44,190,2024-03-21,11,220.52073127018957
44,190,2024-03-21,12,251.50165172507866
44,190,2024-03-21,13,240.29045040600226
44,190,2024-03-21,14,175.57946065357328
44,190,2024-03-21,15,121.60268067451646
44,190,2024-03-21,16,51.33094862649336
44,190,2024-03-21,17,20.609854258433934
44,190,2024-03-21,18,0.0
44,190,2024-03-21,19,
44,190,2024-03-21,20,
44,190,2024-03-21,21,
44,195,2024-03-21,6,
44,195,2024-03-21,7,15.54027736530853
44,195,2024-03-21,8,34.388581867509814
44,195,2024-03-21,9,70.13524928380228
44,195,2024-03-21,10,144.37116090754196
44,195,2024-03-21,11,211.03456849881803
44,195,2024-03-21,12,245.59033042754334
44,195,2024-03-21,13,238.54314503820208
44,195,2024-03-21,14,177.00665305455513
44,195,2024-03-21,15,124.6363307550828
44,195,2024-03-21,16,53.67836323628013
44,195,2024-03-21,17,22.2960474944679
44,195,2024-03-21,18,0.0
44,195,2024-03-21,19,
44,195,2024-03-21,20,
44,195,2024-03-21,21,
44,200,2024-03-21,6,
44,200,2024-03-21,7,14.489251625660808
44,200,2024-03-21,8,22.543328555611687
44,200,2024-03-21,9,60.50852070032896
44,200,2024-03-21,10,132.8473656997014
44,200,2024-03-21,11,200.75936418437698
44,200,2024-03-21,12,238.7312667520035
44,200,2024-03-21,13,235.84770527071447
44,200,2024-03-21,14,177.711870284351
44,200,2024-03-21,15,127.13968117308039
44,200,2024-03-21,16,55.789169278826705
44,200,2024-03-21,17,23.867498032161038
44,200,2024-03-21,18,0.0
44,200,2024-03-21,19,
44,200,2024-03-21,20,
44,200,2024-03-21,21,
45,160,2024-03-21,6,
45,160,2024-03-21,7,117.56573170772948
45,160,2024-03-21,8,125.16844175328512
45,160,2024-03-21,9,130.3403655743656
45,160,2024-03-21,10,208.58251998035232
45,160,2024-03-21,11,259.12284771756003
45,160,2024-03-21,12,266.35601829641035
45,160,2024-03-21,13,231.29397936730788
45,160,2024-03-21,14,153.09119299196513
45,160,2024-03-21,15,93.73981685697694
45,160,2024-03-21,16,33.335166926125126
45,160,2024-03-21,17,9.01134514866084
45,160,2024-03-21,18,0.0
45,160,2024-03-21,19,
45,160,2024-03-21,20,
45,160,2024-03-21,21,
45,165,2024-03-21,6,
45,165,2024-03-21,7,96.21457467325541
45,165,2024-03-21,8,113.28584070746786
45,165,2024-03-21,9,123.16131613614746
45,165,2024-03-21,10,201.88856269902726
45,165,2024-03-21,11,255.41610370198572
45,165,2024-03-21,12,266.73052032955627
45,165,2024-03-21,13,235.32850872751075
45,165,2024-03-21,14,158.57544867212675
45,165,2024-03-21,15,99.51514433641304
45,165,2024-03-21,16,36.74750024055847
45,165,2024-03-21,17,10.978331958171776
45,165,2024-03-21,18,0.0
45,165,2024-03-21,19,
45,165,2024-03-21,20,
45,165,2024-03-21,21,
45,170,2024-03-21,6,
45,170,2024-03-21,7,74.7584456195315
45,170,2024-03-21,8,100.81501500031645
45,170,2024-03-21,9,115.40208782270106
45,170,2024-03-21,10,194.28042659663151
45,170,2024-03-21,11,250.6103886785565
45,170,2024-03-21,12,265.999270656083
45,170,2024-03-21,13,238.42575355743878
45,170,2024-03-21,14,163.45847587597873
45,170,2024-03-21,15,104.92606627811107
45,170,2024-03-21,16,40.05278639778619
45,170,2024-03-21,17,13.004194657591553
45,170,2024-03-21,18,0.0
45,170,2024-03-21,19,
45,170,2024-03-21,20,
45,170,2024-03-21,21,
45,175,2024-03-21,6,
45,175,2024-03-21,7,53.647988640110086
45,175,2024-03-21,8,87.8600590412074
45,175,2024-03-21,9,107.11906773191959
45,175,2024-03-21,10,185.81606061027003
45,175,2024-03-21,11,244.73989585588504
45,175,2024-03-21,12,264.1732794055342
45,175,2024-03-21,13,240.56086528770297
45,175,2024-03-21,14,167.7029085565407
45,175,2024-03-21,15,109.93636959374925
45,175,2024-03-21,16,43.22362201538022
45,175,2024-03-21,17,15.026749156250775
45,175,2024-03-21,18,0.0
45,175,2024-03-21,19,
45,175,2024-03-21,20,
45,175,2024-03-21,21,
45,180,2024-03-21,6,
45,180,2024-03-21,7,33.498519598748274
45,180,2024-03-21,8,74.53664168893594
45,180,2024-03-21,9,98.37529020891989
45,180,2024-03-21,10,176.55040668995593
45,180,2024-03-21,11,237.8433823555475
45,180,2024-03-21,12,261.2594341527691
45,180,2024-03-21,13,241.72389877589694
45,180,2024-03-21,14,171.2835558434724
45,180,2024-03-21,15,114.5112731302958
45,180,2024-03-21,16,46.234496602883794
45,180,2024-03-21,17,17.00879902358565
45,180,2024-03-21,18,0.0
45,180,2024-03-21,19,
45,180,2024-03-21,20,
45,180,2024-03-21,21,
45,185,2024-03-21,6,
45,185,2024-03-21,7,18.522844515566128
45,185,2024-03-21,8,60.977800777395174
45,185,2024-03-21,9,89.24086309438347
45,185,2024-03-21,10,166.54853052411846
45,185,2024-03-21,11,229.96736883501555
45,185,2024-03-21,12,257.281155088722
45,185,2024-03-21,13,241.90462506860425
45,185,2024-03-21,14,174.1721236628138
45,185,2024-03-21,15,118.61858800313648
45,185,2024-03-21,16,49.0612247406025
45,185,2024-03-21,17,18.920397049702657
45,185,2024-03-21,18,0.0
45,185,2024-03-21,19,
45,185,2024-03-21,20,
45,185,2024-03-21,21,
45,190,2024-03-21,6,
45,190,2024-03-21,7,16.84643496914409
45,190,2024-03-21,8,47.351923900063895
45,190,2024-03-21,9,79.78811898967669
45,190,2024-03-21,10,155.88213640683946
45,190,2024-03-21,11,221.1646262448395
45,190,2024-03-21,12,252.26264405786628
45,190,2024-03-21,13,241.10193801134184
45,190,2024-03-21,14,176.35179467326378
45,190,2024-03-21,15,122.23095142194165
45,190,2024-03-21,16,51.682909035380476
45,190,2024-03-21,17,20.74321944618131
45,190,2024-03-21,18,0.0
45,190,2024-03-21,19,
45,190,2024-03-21,20,
45,190,2024-03-21,21,
45,195,2024-03-21,6,
45,195,2024-03-21,7,15.499131622511836
45,195,2024-03-21,8,33.94176863191884
45,195,2024-03-21,9,70.09633027416835
45,195,2024-03-21,10,144.6262234120619
45,195,2024-03-21,11,211.49159761777025
45,195,2024-03-21,12,246.2382997772065
45,195,2024-03-21,13,239.3243813523858
45,195,2024-03-21,14,177.80595199021639
45,195,2024-03-21,15,125.32509381960386
45,195,2024-03-21,16,54.080410383291486
45,195,2024-03-21,17,22.462023877371973
45,195,2024-03-21,18,0.0
45,195,2024-03-21,19,
45,195,2024-03-21,20,
45,195,2024-03-21,21,
45,200,2024-03-21,6,
45,200,2024-03-21,7,14.445328665360178
45,200,2024-03-21,8,22.019098287933403
45,200,2024-03-21,9,60.258544513585974
45,200,2024-03-21,10,132.86072310443717
45,200,2024-03-21,11,201.0140209026198
45,200,2024-03-21,12,239.24718547815496
45,200,2024-03-21,13,236.57872812027261
45,200,2024-03-21,14,178.52775030060928
45,200,2024-03-21,15,127.87829418724309
45,200,2024-03-21,16,56.23641423688731
45,200,2024-03-21,17,24.063812945884788
45,200,2024-03-21,18,0.0
45,200,2024-03-21,19,
45,200,2024-03-21,20,
45,200,2024-03-21,21,
