time_hr,T_simulated_C,T_reference_C,dT_cooling_K,Q_total_W,Q_evap_W,Q_conv_W
0.0,22.0,22.0,0.0,773.03,675.43,97.6
0.0167,21.977,21.992,0.014,773.99,676.95,97.05
0.0333,21.955,21.983,0.029,774.95,678.46,96.49
0.05,21.932,21.975,0.043,775.92,679.98,95.94
0.0667,21.909,21.967,0.058,776.88,681.49,95.38
0.0833,21.886,21.958,0.072,777.84,683.01,94.83
0.1,21.864,21.95,0.086,778.79,684.52,94.27
0.1167,21.841,21.942,0.101,779.75,686.04,93.71
0.1333,21.818,21.933,0.115,780.71,687.55,93.16
0.15,21.795,21.925,0.13,781.66,689.06,92.6
0.1667,21.772,21.917,0.144,782.62,690.58,92.04
0.1833,21.749,21.908,0.159,783.57,692.09,91.48
0.2,21.726,21.9,0.174,784.52,693.6,90.92
0.2167,21.704,21.892,0.188,785.47,695.11,90.37
0.2333,21.681,21.883,0.203,786.42,696.62,89.81
0.25,21.658,21.875,0.217,787.37,698.13,89.25
0.2667,21.635,21.867,0.232,788.32,699.64,88.69
0.2833,21.612,21.858,0.247,789.27,701.14,88.13
0.3,21.589,21.85,0.261,790.22,702.65,87.56
0.3167,21.566,21.842,0.276,791.16,704.16,87.0
0.3333,21.543,21.833,0.291,792.11,705.67,86.44
0.35,21.52,21.825,0.305,793.05,707.17,85.88
0.3667,21.497,21.817,0.32,793.99,708.68,85.31
0.3833,21.473,21.808,0.335,794.93,710.18,84.75
0.4,21.45,21.8,0.35,795.87,711.69,84.19
0.4167,21.427,21.792,0.364,796.81,713.19,83.62
0.4333,21.404,21.783,0.379,797.75,714.69,83.06
0.45,21.381,21.775,0.394,798.69,716.19,82.49
0.4667,21.358,21.767,0.409,799.62,717.7,81.93
0.4833,21.335,21.758,0.424,800.56,719.2,81.36
0.5,21.311,21.75,0.439,801.49,720.7,80.8
0.5167,21.288,21.742,0.454,802.43,722.2,80.23
0.5333,21.265,21.733,0.469,803.36,723.7,79.66
0.55,21.242,21.725,0.483,804.29,725.19,79.09
0.5667,21.218,21.717,0.498,805.22,726.69,78.53
0.5833,21.195,21.708,0.513,806.15,728.19,77.96
0.6,21.172,21.7,0.528,807.07,729.69,77.39
0.6167,21.148,21.692,0.543,808.0,731.18,76.82
0.6333,21.125,21.683,0.558,808.93,732.68,76.25
0.65,21.102,21.675,0.573,809.85,734.17,75.68
0.6667,21.078,21.667,0.588,810.77,735.67,75.11
0.6833,21.055,21.658,0.604,811.7,737.16,74.54
0.7,21.031,21.65,0.619,812.62,738.65,73.97
0.7167,21.008,21.642,0.634,813.54,740.14,73.39
0.7333,20.985,21.633,0.649,814.46,741.64,72.82
0.75,20.961,21.625,0.664,815.38,743.13,72.25
0.7667,20.938,21.617,0.679,816.29,744.62,71.68
0.7833,20.914,21.608,0.694,817.21,746.11,71.1
0.8,20.891,21.6,0.709,818.12,747.59,70.53
0.8167,20.867,21.592,0.725,819.04,749.08,69.95
0.8333,20.843,21.583,0.74,819.95,750.57,69.38
0.85,20.82,21.575,0.755,820.86,752.06,68.81
0.8667,20.796,21.567,0.77,821.77,753.54,68.23
0.8833,20.773,21.558,0.786,822.68,755.03,67.65
0.9,20.749,21.55,0.801,823.59,756.51,67.08
0.9167,20.725,21.542,0.816,824.49,757.99,66.5
0.9333,20.702,21.533,0.832,825.4,759.48,65.92
0.95,20.678,21.525,0.847,826.31,760.96,65.35
0.9667,20.654,21.517,0.862,827.21,762.44,64.77
0.9833,20.631,21.508,0.878,828.11,763.92,64.19
1.0,20.607,21.5,0.893,829.01,765.4,63.61
1.0167,20.583,21.492,0.908,829.91,766.88,63.03
1.0333,20.559,21.483,0.924,830.81,768.36,62.45
1.05,20.536,21.475,0.939,831.71,769.84,61.87
1.0667,20.512,21.467,0.955,832.61,771.32,61.29
1.0833,20.488,21.458,0.97,833.5,772.79,60.71
1.1,20.464,21.45,0.986,834.4,774.27,60.13
1.1167,20.44,21.442,1.001,835.29,775.74,59.55
1.1333,20.417,21.433,1.017,836.18,777.22,58.96
1.15,20.393,21.425,1.032,837.07,778.69,58.38
1.1667,20.369,21.417,1.048,837.96,780.16,57.8
1.1833,20.345,21.408,1.063,838.85,781.63,57.22
1.2,20.321,21.4,1.079,839.74,783.11,56.63
1.2167,20.297,21.392,1.095,840.62,784.58,56.05
1.2333,20.273,21.383,1.11,841.51,786.05,55.46
1.25,20.249,21.375,1.126,842.39,787.51,54.88
1.2667,20.225,21.367,1.142,843.28,788.98,54.29
1.2833,20.201,21.358,1.157,844.16,790.45,53.71
1.3,20.177,21.35,1.173,845.04,791.92,53.12
1.3167,20.153,21.342,1.189,845.92,793.38,52.54
1.3333,20.129,21.333,1.204,846.8,794.85,51.95
1.35,20.105,21.325,1.22,847.67,796.31,51.36
1.3667,20.081,21.317,1.236,848.55,797.78,50.77
1.3833,20.057,21.308,1.252,849.42,799.24,50.18
1.4,20.033,21.3,1.267,850.3,800.7,49.6
1.4167,20.009,21.292,1.283,851.17,802.16,49.01
1.4333,19.984,21.283,1.299,852.04,803.62,48.42
1.45,19.96,21.275,1.315,852.91,805.08,47.83
1.4667,19.936,21.267,1.331,853.78,806.54,47.24
1.4833,19.912,21.258,1.347,854.64,808.0,46.65
1.5,19.888,21.25,1.362,855.51,809.45,46.06
1.5167,19.863,21.242,1.378,856.37,810.91,45.47
1.5333,19.839,21.233,1.394,857.24,812.36,44.87
1.55,19.815,21.225,1.41,858.1,813.82,44.28
1.5667,19.791,21.217,1.426,858.96,815.27,43.69
1.5833,19.766,21.208,1.442,859.82,816.72,43.1
1.6,19.742,21.2,1.458,860.68,818.18,42.5
1.6167,19.718,21.192,1.474,861.54,819.63,41.91
1.6333,19.693,21.183,1.49,862.39,821.08,41.32
1.65,19.669,21.175,1.506,863.25,822.53,40.72
1.6667,19.645,21.167,1.522,864.1,823.98,40.13
1.6833,19.62,21.158,1.538,864.96,825.42,39.53
1.7,19.596,21.15,1.554,865.81,826.87,38.94
1.7167,19.571,21.142,1.57,866.66,828.32,38.34
1.7333,19.547,21.133,1.586,867.5,829.76,37.74
1.75,19.522,21.125,1.603,868.35,831.21,37.15
1.7667,19.498,21.117,1.619,869.2,832.65,36.55
1.7833,19.473,21.108,1.635,870.04,834.09,35.95
1.8,19.449,21.1,1.651,870.89,835.53,35.35
1.8167,19.424,21.092,1.667,871.73,836.97,34.76
1.8333,19.4,21.083,1.683,872.57,838.41,34.16
1.85,19.375,21.075,1.7,873.41,839.85,33.56
1.8667,19.351,21.067,1.716,874.25,841.29,32.96
1.8833,19.326,21.058,1.732,875.09,842.73,32.36
1.9,19.302,21.05,1.748,875.92,844.16,31.76
1.9167,19.277,21.042,1.765,876.76,845.6,31.16
1.9333,19.252,21.033,1.781,877.59,847.03,30.56
1.95,19.228,21.025,1.797,878.42,848.47,29.96
1.9667,19.203,21.017,1.814,879.25,849.9,29.35
1.9833,19.178,21.008,1.83,880.08,851.33,28.75
2.0,19.154,21.0,1.846,880.91,852.76,28.15
2.0167,19.134,20.997,1.863,881.57,853.9,27.67
2.0333,19.114,20.993,1.879,882.23,855.04,27.19
2.05,19.095,20.99,1.895,882.89,856.18,26.71
2.0667,19.075,20.987,1.912,883.55,857.32,26.23
2.0833,19.055,20.983,1.928,884.21,858.46,25.74
2.1,19.035,20.98,1.945,884.86,859.6,25.26
2.1167,19.016,20.977,1.961,885.52,860.74,24.78
2.1333,18.996,20.973,1.978,886.17,861.88,24.3
2.15,18.976,20.97,1.994,886.83,863.01,23.81
2.1667,18.956,20.967,2.011,887.48,864.15,23.33
2.1833,18.936,20.963,2.027,888.13,865.29,22.85
2.2,18.916,20.96,2.044,888.78,866.42,22.36
2.2167,18.897,20.957,2.06,889.43,867.56,21.88
2.2333,18.877,20.953,2.077,890.08,868.69,21.39
2.25,18.857,20.95,2.093,890.73,869.83,20.91
2.2667,18.837,20.947,2.11,891.38,870.96,20.42
2.2833,18.817,20.943,2.126,892.03,872.09,19.94
2.3,18.797,20.94,2.143,892.68,873.23,19.45
2.3167,18.777,20.937,2.159,893.32,874.36,18.96
2.3333,18.757,20.933,2.176,893.97,875.49,18.48
2.35,18.737,20.93,2.193,894.61,876.62,17.99
2.3667,18.717,20.927,2.209,895.26,877.75,17.5
2.3833,18.697,20.923,2.226,895.9,878.88,17.02
2.4,18.677,20.92,2.243,896.54,880.01,16.53
2.4167,18.657,20.917,2.259,897.18,881.14,16.04
2.4333,18.637,20.913,2.276,897.83,882.27,15.55
2.45,18.617,20.91,2.293,898.47,883.4,15.07
2.4667,18.597,20.907,2.309,899.11,884.53,14.58
2.4833,18.577,20.903,2.326,899.74,885.66,14.09
2.5,18.557,20.9,2.343,900.38,886.78,13.6
2.5167,18.537,20.897,2.359,901.02,887.91,13.11
2.5333,18.517,20.893,2.376,901.66,889.04,12.62
2.55,18.497,20.89,2.393,902.29,890.16,12.13
2.5667,18.477,20.887,2.41,902.93,891.29,11.64
2.5833,18.457,20.883,2.426,903.56,892.41,11.15
2.6,18.437,20.88,2.443,904.19,893.54,10.66
2.6167,18.417,20.877,2.46,904.82,894.66,10.16
2.6333,18.396,20.873,2.477,905.46,895.78,9.67
2.65,18.376,20.87,2.494,906.09,896.91,9.18
2.6667,18.356,20.867,2.511,906.72,898.03,8.69
2.6833,18.336,20.863,2.527,907.35,899.15,8.2
2.7,18.316,20.86,2.544,907.97,900.27,7.7
2.7167,18.296,20.857,2.561,908.6,901.39,7.21
2.7333,18.275,20.853,2.578,909.23,902.51,6.72
2.75,18.255,20.85,2.595,909.85,903.63,6.22
2.7667,18.235,20.847,2.612,910.48,904.75,5.73
2.7833,18.215,20.843,2.629,911.1,905.87,5.24
2.8,18.194,20.84,2.646,911.73,906.99,4.74
2.8167,18.174,20.837,2.663,912.35,908.1,4.25
2.8333,18.154,20.833,2.68,912.97,909.22,3.75
2.85,18.133,20.83,2.697,913.59,910.34,3.26
2.8667,18.113,20.827,2.714,914.21,911.45,2.76
2.8833,18.093,20.823,2.731,914.83,912.57,2.26
2.9,18.072,20.82,2.748,915.45,913.68,1.77
2.9167,18.052,20.817,2.765,916.07,914.8,1.27
2.9333,18.032,20.813,2.782,916.69,915.91,0.77
2.95,18.011,20.81,2.799,917.3,917.02,0.28
2.9667,17.991,20.807,2.816,918.14,918.14,0.0
2.9833,17.971,20.803,2.833,919.25,919.25,0.0
3.0,17.95,20.8,2.85,920.36,920.36,0.0
3.0167,17.928,20.795,2.867,921.56,921.56,0.0
3.0333,17.906,20.79,2.884,922.77,922.77,0.0
3.05,17.884,20.785,2.901,923.97,923.97,0.0
3.0667,17.862,20.78,2.918,925.17,925.17,0.0
3.0833,17.839,20.775,2.936,926.37,926.37,0.0
3.1,17.817,20.77,2.953,927.58,927.58,0.0
3.1167,17.795,20.765,2.97,928.78,928.78,0.0
3.1333,17.773,20.76,2.987,929.98,929.98,0.0
3.15,17.75,20.755,3.005,931.18,931.18,0.0
3.1667,17.728,20.75,3.022,932.38,932.38,0.0
3.1833,17.706,20.745,3.039,933.58,933.58,0.0
3.2,17.683,20.74,3.057,934.78,934.78,0.0
3.2167,17.661,20.735,3.074,935.98,935.98,0.0
3.2333,17.639,20.73,3.091,937.19,937.19,0.0
3.25,17.616,20.725,3.109,938.39,938.39,0.0
3.2667,17.594,20.72,3.126,939.59,939.59,0.0
3.2833,17.571,20.715,3.144,940.79,940.79,0.0
3.3,17.549,20.71,3.161,941.99,941.99,0.0
3.3167,17.526,20.705,3.179,943.18,943.18,0.0
3.3333,17.504,20.7,3.196,944.38,944.38,0.0
3.35,17.481,20.695,3.214,945.58,945.58,0.0
3.3667,17.459,20.69,3.231,946.78,946.78,0.0
3.3833,17.436,20.685,3.249,947.98,947.98,0.0
3.4,17.414,20.68,3.266,949.18,949.18,0.0
3.4167,17.391,20.675,3.284,950.38,950.38,0.0
3.4333,17.368,20.67,3.302,951.58,951.58,0.0
3.45,17.346,20.665,3.319,952.77,952.77,0.0
3.4667,17.323,20.66,3.337,953.97,953.97,0.0
3.4833,17.3,20.655,3.355,955.17,955.17,0.0
3.5,17.277,20.65,3.373,956.37,956.37,0.0
3.5167,17.255,20.645,3.39,957.56,957.56,0.0
3.5333,17.232,20.64,3.408,958.76,958.76,0.0
3.55,17.209,20.635,3.426,959.95,959.95,0.0
3.5667,17.186,20.63,3.444,961.15,961.15,0.0
3.5833,17.163,20.625,3.462,962.35,962.35,0.0
3.6,17.14,20.62,3.48,963.54,963.54,0.0
3.6167,17.117,20.615,3.498,964.74,964.74,0.0
3.6333,17.095,20.61,3.515,965.93,965.93,0.0
3.65,17.072,20.605,3.533,967.13,967.13,0.0
3.6667,17.049,20.6,3.551,968.32,968.32,0.0
3.6833,17.026,20.595,3.569,969.52,969.52,0.0
3.7,17.003,20.59,3.587,970.71,970.71,0.0
3.7167,16.98,20.585,3.605,971.9,971.9,0.0
3.7333,16.956,20.58,3.624,973.1,973.1,0.0
3.75,16.933,20.575,3.642,974.29,974.29,0.0
3.7667,16.91,20.57,3.66,975.48,975.48,0.0
3.7833,16.887,20.565,3.678,976.68,976.68,0.0
3.8,16.864,20.56,3.696,977.87,977.87,0.0
3.8167,16.841,20.555,3.714,979.06,979.06,0.0
3.8333,16.818,20.55,3.732,980.25,980.25,0.0
3.85,16.794,20.545,3.751,981.44,981.44,0.0
3.8667,16.771,20.54,3.769,982.63,982.63,0.0
3.8833,16.748,20.535,3.787,983.82,983.82,0.0
3.9,16.725,20.53,3.805,985.01,985.01,0.0
3.9167,16.701,20.525,3.824,986.2,986.2,0.0
3.9333,16.678,20.52,3.842,987.39,987.39,0.0
3.95,16.655,20.515,3.86,988.58,988.58,0.0
3.9667,16.631,20.51,3.879,989.77,989.77,0.0
3.9833,16.608,20.505,3.897,990.96,990.96,0.0
4.0,16.584,20.5,3.916,992.15,992.15,0.0
4.0167,16.563,20.497,3.934,993.25,993.25,0.0
4.0333,16.541,20.493,3.952,994.36,994.36,0.0
4.05,16.519,20.49,3.971,995.46,995.46,0.0
4.0667,16.497,20.487,3.989,996.56,996.56,0.0
4.0833,16.475,20.483,4.008,997.67,997.67,0.0
4.1,16.454,20.48,4.026,998.77,998.77,0.0
4.1167,16.432,20.477,4.045,999.87,999.87,0.0
4.1333,16.41,20.473,4.064,1000.97,1000.97,0.0
4.15,16.388,20.47,4.082,1002.07,1002.07,0.0
4.1667,16.366,20.467,4.101,1003.18,1003.18,0.0
4.1833,16.344,20.463,4.119,1004.28,1004.28,0.0
4.2,16.322,20.46,4.138,1005.38,1005.38,0.0
4.2167,16.3,20.457,4.157,1006.48,1006.48,0.0
4.2333,16.278,20.453,4.176,1007.58,1007.58,0.0
4.25,16.256,20.45,4.194,1008.68,1008.68,0.0
4.2667,16.234,20.447,4.213,1009.78,1009.78,0.0
4.2833,16.212,20.443,4.232,1010.88,1010.88,0.0
4.3,16.189,20.44,4.251,1011.98,1011.98,0.0
4.3167,16.167,20.437,4.269,1013.08,1013.08,0.0
4.3333,16.145,20.433,4.288,1014.18,1014.18,0.0
4.35,16.123,20.43,4.307,1015.28,1015.28,0.0
4.3667,16.101,20.427,4.326,1016.38,1016.38,0.0
4.3833,16.079,20.423,4.345,1017.47,1017.47,0.0
4.4,16.056,20.42,4.364,1018.57,1018.57,0.0
4.4167,16.034,20.417,4.383,1019.67,1019.67,0.0
4.4333,16.012,20.413,4.402,1020.77,1020.77,0.0
4.45,15.989,20.41,4.421,1021.86,1021.86,0.0
4.4667,15.967,20.407,4.44,1022.96,1022.96,0.0
4.4833,15.945,20.403,4.459,1024.06,1024.06,0.0
4.5,15.922,20.4,4.478,1025.15,1025.15,0.0
4.5167,15.9,20.397,4.497,1026.25,1026.25,0.0
4.5333,15.878,20.393,4.516,1027.35,1027.35,0.0
4.55,15.855,20.39,4.535,1028.44,1028.44,0.0
4.5667,15.833,20.387,4.554,1029.54,1029.54,0.0
4.5833,15.81,20.383,4.573,1030.63,1030.63,0.0
4.6,15.788,20.38,4.592,1031.73,1031.73,0.0
4.6167,15.765,20.377,4.611,1032.82,1032.82,0.0
4.6333,15.743,20.373,4.631,1033.91,1033.91,0.0
4.65,15.72,20.37,4.65,1035.01,1035.01,0.0
4.6667,15.698,20.367,4.669,1036.1,1036.1,0.0
4.6833,15.675,20.363,4.688,1037.19,1037.19,0.0
4.7,15.652,20.36,4.708,1038.29,1038.29,0.0
4.7167,15.63,20.357,4.727,1039.38,1039.38,0.0
4.7333,15.607,20.353,4.746,1040.47,1040.47,0.0
4.75,15.585,20.35,4.765,1041.56,1041.56,0.0
4.7667,15.562,20.347,4.785,1042.65,1042.65,0.0
4.7833,15.539,20.343,4.804,1043.75,1043.75,0.0
4.8,15.516,20.34,4.824,1044.84,1044.84,0.0
4.8167,15.494,20.337,4.843,1045.93,1045.93,0.0
4.8333,15.471,20.333,4.862,1047.02,1047.02,0.0
4.85,15.448,20.33,4.882,1048.11,1048.11,0.0
4.8667,15.425,20.327,4.901,1049.2,1049.2,0.0
4.8833,15.402,20.323,4.921,1050.28,1050.28,0.0
4.9,15.38,20.32,4.94,1051.37,1051.37,0.0
4.9167,15.357,20.317,4.96,1052.46,1052.46,0.0
4.9333,15.334,20.313,4.98,1053.55,1053.55,0.0
4.95,15.311,20.31,4.999,1054.64,1054.64,0.0
4.9667,15.288,20.307,5.019,1055.72,1055.72,0.0
4.9833,15.265,20.303,5.038,1056.81,1056.81,0.0
5.0,15.242,20.3,5.058,1057.9,1057.9,0.0
5.0167,15.226,20.303,5.078,1058.67,1058.67,0.0
5.0333,15.209,20.307,5.097,1059.44,1059.44,0.0
5.05,15.193,20.31,5.117,1060.21,1060.21,0.0
5.0667,15.177,20.313,5.137,1060.98,1060.98,0.0
5.0833,15.16,20.317,5.156,1061.76,1061.76,0.0
5.1,15.144,20.32,5.176,1062.53,1062.53,0.0
5.1167,15.127,20.323,5.196,1063.3,1063.3,0.0
5.1333,15.111,20.327,5.216,1064.07,1064.07,0.0
5.15,15.095,20.33,5.235,1064.84,1064.84,0.0
5.1667,15.078,20.333,5.255,1065.61,1065.61,0.0
5.1833,15.062,20.337,5.275,1066.38,1066.38,0.0
5.2,15.045,20.34,5.295,1067.16,1067.16,0.0
5.2167,15.029,20.343,5.315,1067.93,1067.93,0.0
5.2333,15.012,20.347,5.335,1068.7,1068.7,0.0
5.25,14.996,20.35,5.354,1069.47,1069.47,0.0
5.2667,14.979,20.353,5.374,1070.24,1070.24,0.0
5.2833,14.963,20.357,5.394,1071.01,1071.01,0.0
5.3,14.946,20.36,5.414,1071.78,1071.78,0.0
5.3167,14.929,20.363,5.434,1072.56,1072.56,0.0
5.3333,14.913,20.367,5.454,1073.33,1073.33,0.0
5.35,14.896,20.37,5.474,1074.1,1074.1,0.0
5.3667,14.88,20.373,5.494,1074.87,1074.87,0.0
5.3833,14.863,20.377,5.514,1075.64,1075.64,0.0
5.4,14.846,20.38,5.534,1076.41,1076.41,0.0
5.4167,14.83,20.383,5.554,1077.18,1077.18,0.0
5.4333,14.813,20.387,5.574,1077.95,1077.95,0.0
5.45,14.796,20.39,5.594,1078.73,1078.73,0.0
5.4667,14.779,20.393,5.614,1079.5,1079.5,0.0
5.4833,14.763,20.397,5.634,1080.27,1080.27,0.0
5.5,14.746,20.4,5.654,1081.04,1081.04,0.0
5.5167,14.729,20.403,5.674,1081.81,1081.81,0.0
5.5333,14.712,20.407,5.694,1082.58,1082.58,0.0
5.55,14.696,20.41,5.714,1083.35,1083.35,0.0
5.5667,14.679,20.413,5.734,1084.12,1084.12,0.0
5.5833,14.662,20.417,5.755,1084.9,1084.9,0.0
5.6,14.645,20.42,5.775,1085.67,1085.67,0.0
5.6167,14.628,20.423,5.795,1086.44,1086.44,0.0
5.6333,14.612,20.427,5.815,1087.21,1087.21,0.0
5.65,14.595,20.43,5.835,1087.98,1087.98,0.0
5.6667,14.578,20.433,5.856,1088.75,1088.75,0.0
5.6833,14.561,20.437,5.876,1089.52,1089.52,0.0
5.7,14.544,20.44,5.896,1090.29,1090.29,0.0
5.7167,14.527,20.443,5.916,1091.06,1091.06,0.0
5.7333,14.51,20.447,5.937,1091.83,1091.83,0.0
5.75,14.493,20.45,5.957,1092.6,1092.6,0.0
5.7667,14.476,20.453,5.977,1093.37,1093.37,0.0
5.7833,14.459,20.457,5.998,1094.15,1094.15,0.0
5.8,14.442,20.46,6.018,1094.92,1094.92,0.0
5.8167,14.425,20.463,6.038,1095.69,1095.69,0.0
5.8333,14.408,20.467,6.059,1096.46,1096.46,0.0
5.85,14.391,20.47,6.079,1097.23,1097.23,0.0
5.8667,14.374,20.473,6.099,1098.0,1098.0,0.0
5.8833,14.357,20.477,6.12,1098.77,1098.77,0.0
5.9,14.34,20.48,6.14,1099.54,1099.54,0.0
5.9167,14.323,20.483,6.161,1100.31,1100.31,0.0
5.9333,14.306,20.487,6.181,1101.08,1101.08,0.0
5.95,14.289,20.49,6.201,1101.85,1101.85,0.0
5.9667,14.271,20.493,6.222,1102.62,1102.62,0.0
5.9833,14.254,20.497,6.242,1103.39,1103.39,0.0
6.0,14.237,20.5,6.263,1104.16,1104.16,0.0
6.0167,14.225,20.508,6.283,1104.7,1104.7,0.0
6.0333,14.213,20.517,6.304,1105.25,1105.25,0.0
6.05,14.2,20.525,6.325,1105.8,1105.8,0.0
6.0667,14.188,20.533,6.345,1106.34,1106.34,0.0
6.0833,14.176,20.542,6.366,1106.89,1106.89,0.0
6.1,14.164,20.55,6.386,1107.44,1107.44,0.0
6.1167,14.152,20.558,6.407,1107.98,1107.98,0.0
6.1333,14.139,20.567,6.427,1108.53,1108.53,0.0
6.15,14.127,20.575,6.448,1109.08,1109.08,0.0
6.1667,14.115,20.583,6.469,1109.62,1109.62,0.0
6.1833,14.102,20.592,6.489,1110.17,1110.17,0.0
6.2,14.09,20.6,6.51,1110.72,1110.72,0.0
6.2167,14.078,20.608,6.531,1111.26,1111.26,0.0
6.2333,14.065,20.617,6.551,1111.81,1111.81,0.0
6.25,14.053,20.625,6.572,1112.36,1112.36,0.0
6.2667,14.041,20.633,6.593,1112.91,1112.91,0.0
6.2833,14.028,20.642,6.613,1113.45,1113.45,0.0
6.3,14.016,20.65,6.634,1114.0,1114.0,0.0
6.3167,14.004,20.658,6.655,1114.55,1114.55,0.0
6.3333,13.991,20.667,6.675,1115.1,1115.1,0.0
6.35,13.979,20.675,6.696,1115.64,1115.64,0.0
6.3667,13.967,20.683,6.717,1116.19,1116.19,0.0
6.3833,13.954,20.692,6.738,1116.74,1116.74,0.0
6.4,13.942,20.7,6.758,1117.29,1117.29,0.0
6.4167,13.929,20.708,6.779,1117.84,1117.84,0.0
6.4333,13.917,20.717,6.8,1118.38,1118.38,0.0
6.45,13.904,20.725,6.821,1118.93,1118.93,0.0
6.4667,13.892,20.733,6.841,1119.48,1119.48,0.0
6.4833,13.879,20.742,6.862,1120.03,1120.03,0.0
6.5,13.867,20.75,6.883,1120.58,1120.58,0.0
6.5167,13.855,20.758,6.904,1121.13,1121.13,0.0
6.5333,13.842,20.767,6.925,1121.67,1121.67,0.0
6.55,13.829,20.775,6.946,1122.22,1122.22,0.0
6.5667,13.817,20.783,6.966,1122.77,1122.77,0.0
6.5833,13.804,20.792,6.987,1123.32,1123.32,0.0
6.6,13.792,20.8,7.008,1123.87,1123.87,0.0
6.6167,13.779,20.808,7.029,1124.42,1124.42,0.0
6.6333,13.767,20.817,7.05,1124.97,1124.97,0.0
6.65,13.754,20.825,7.071,1125.52,1125.52,0.0
6.6667,13.742,20.833,7.092,1126.07,1126.07,0.0
6.6833,13.729,20.842,7.113,1126.62,1126.62,0.0
6.7,13.716,20.85,7.134,1127.17,1127.17,0.0
6.7167,13.704,20.858,7.155,1127.72,1127.72,0.0
6.7333,13.691,20.867,7.175,1128.27,1128.27,0.0
6.75,13.679,20.875,7.196,1128.82,1128.82,0.0
6.7667,13.666,20.883,7.217,1129.37,1129.37,0.0
6.7833,13.653,20.892,7.238,1129.92,1129.92,0.0
6.8,13.641,20.9,7.259,1130.47,1130.47,0.0
6.8167,13.628,20.908,7.28,1131.02,1131.02,0.0
6.8333,13.615,20.917,7.301,1131.57,1131.57,0.0
6.85,13.603,20.925,7.322,1132.12,1132.12,0.0
6.8667,13.59,20.933,7.344,1132.67,1132.67,0.0
6.8833,13.577,20.942,7.365,1133.22,1133.22,0.0
6.9,13.564,20.95,7.386,1133.77,1133.77,0.0
6.9167,13.552,20.958,7.407,1134.32,1134.32,0.0
6.9333,13.539,20.967,7.428,1134.87,1134.87,0.0
6.95,13.526,20.975,7.449,1135.42,1135.42,0.0
6.9667,13.513,20.983,7.47,1135.97,1135.97,0.0
6.9833,13.501,20.992,7.491,1136.52,1136.52,0.0
7.0,13.488,21.0,7.512,1137.07,1137.07,0.0
7.0167,13.483,21.017,7.533,1137.26,1137.26,0.0
7.0333,13.479,21.033,7.554,1137.45,1137.45,0.0
7.05,13.474,21.05,7.576,1137.65,1137.65,0.0
7.0667,13.47,21.067,7.597,1137.84,1137.84,0.0
7.0833,13.465,21.083,7.618,1138.03,1138.03,0.0
7.1,13.461,21.1,7.639,1138.23,1138.23,0.0
7.1167,13.456,21.117,7.66,1138.42,1138.42,0.0
7.1333,13.452,21.133,7.681,1138.61,1138.61,0.0
7.15,13.447,21.15,7.703,1138.8,1138.8,0.0
7.1667,13.443,21.167,7.724,1139.0,1139.0,0.0
7.1833,13.438,21.183,7.745,1139.19,1139.19,0.0
7.2,13.434,21.2,7.766,1139.38,1139.38,0.0
7.2167,13.429,21.217,7.787,1139.58,1139.58,0.0
7.2333,13.425,21.233,7.808,1139.77,1139.77,0.0
7.25,13.42,21.25,7.83,1139.96,1139.96,0.0
7.2667,13.416,21.267,7.851,1140.16,1140.16,0.0
7.2833,13.411,21.283,7.872,1140.35,1140.35,0.0
7.3,13.407,21.3,7.893,1140.55,1140.55,0.0
7.3167,13.402,21.317,7.914,1140.74,1140.74,0.0
7.3333,13.398,21.333,7.936,1140.93,1140.93,0.0
7.35,13.393,21.35,7.957,1141.13,1141.13,0.0
7.3667,13.389,21.367,7.978,1141.32,1141.32,0.0
7.3833,13.384,21.383,7.999,1141.52,1141.52,0.0
7.4,13.38,21.4,8.02,1141.71,1141.71,0.0
7.4167,13.375,21.417,8.042,1141.91,1141.91,0.0
7.4333,13.371,21.433,8.063,1142.1,1142.1,0.0
7.45,13.366,21.45,8.084,1142.3,1142.3,0.0
7.4667,13.361,21.467,8.105,1142.49,1142.49,0.0
7.4833,13.357,21.483,8.126,1142.69,1142.69,0.0
7.5,13.352,21.5,8.148,1142.88,1142.88,0.0
7.5167,13.348,21.517,8.169,1143.08,1143.08,0.0
7.5333,13.343,21.533,8.19,1143.27,1143.27,0.0
7.55,13.339,21.55,8.211,1143.47,1143.47,0.0
7.5667,13.334,21.567,8.233,1143.67,1143.67,0.0
7.5833,13.329,21.583,8.254,1143.86,1143.86,0.0
7.6,13.325,21.6,8.275,1144.06,1144.06,0.0
7.6167,13.32,21.617,8.296,1144.25,1144.25,0.0
7.6333,13.316,21.633,8.318,1144.45,1144.45,0.0
7.65,13.311,21.65,8.339,1144.65,1144.65,0.0
7.6667,13.306,21.667,8.36,1144.84,1144.84,0.0
7.6833,13.302,21.683,8.382,1145.04,1145.04,0.0
7.7,13.297,21.7,8.403,1145.24,1145.24,0.0
7.7167,13.293,21.717,8.424,1145.43,1145.43,0.0
7.7333,13.288,21.733,8.445,1145.63,1145.63,0.0
7.75,13.283,21.75,8.467,1145.83,1145.83,0.0
7.7667,13.279,21.767,8.488,1146.02,1146.02,0.0
7.7833,13.274,21.783,8.509,1146.22,1146.22,0.0
7.8,13.269,21.8,8.531,1146.42,1146.42,0.0
7.8167,13.265,21.817,8.552,1146.62,1146.62,0.0
7.8333,13.26,21.833,8.573,1146.81,1146.81,0.0
7.85,13.255,21.85,8.595,1147.01,1147.01,0.0
7.8667,13.251,21.867,8.616,1147.21,1147.21,0.0
7.8833,13.246,21.883,8.637,1147.41,1147.41,0.0
7.9,13.242,21.9,8.658,1147.6,1147.6,0.0
7.9167,13.237,21.917,8.68,1147.8,1147.8,0.0
7.9333,13.232,21.933,8.701,1148.0,1148.0,0.0
7.95,13.228,21.95,8.722,1148.2,1148.2,0.0
7.9667,13.223,21.967,8.744,1148.4,1148.4,0.0
7.9833,13.218,21.983,8.765,1148.59,1148.59,0.0
8.0,13.213,22.0,8.787,1148.79,1148.79,0.0
8.0167,13.212,22.02,8.808,1148.85,1148.85,0.0
8.0333,13.211,22.04,8.829,1148.91,1148.91,0.0
8.05,13.209,22.06,8.851,1148.97,1148.97,0.0
8.0667,13.208,22.08,8.872,1149.02,1149.02,0.0
8.0833,13.207,22.1,8.893,1149.08,1149.08,0.0
8.1,13.205,22.12,8.915,1149.14,1149.14,0.0
8.1167,13.204,22.14,8.936,1149.19,1149.19,0.0
8.1333,13.203,22.16,8.957,1149.25,1149.25,0.0
8.15,13.201,22.18,8.979,1149.31,1149.31,0.0
8.1667,13.2,22.2,9.0,1149.37,1149.37,0.0
8.1833,13.199,22.22,9.021,1149.43,1149.43,0.0
8.2,13.197,22.24,9.043,1149.48,1149.48,0.0
8.2167,13.196,22.26,9.064,1149.54,1149.54,0.0
8.2333,13.195,22.28,9.085,1149.6,1149.6,0.0
8.25,13.193,22.3,9.107,1149.66,1149.66,0.0
8.2667,13.192,22.32,9.128,1149.71,1149.71,0.0
8.2833,13.19,22.34,9.15,1149.77,1149.77,0.0
8.3,13.189,22.36,9.171,1149.83,1149.83,0.0
8.3167,13.188,22.38,9.192,1149.89,1149.89,0.0
8.3333,13.186,22.4,9.214,1149.95,1149.95,0.0
8.35,13.185,22.42,9.235,1150.0,1150.0,0.0
8.3667,13.184,22.44,9.256,1150.06,1150.06,0.0
8.3833,13.182,22.46,9.278,1150.12,1150.12,0.0
8.4,13.181,22.48,9.299,1150.18,1150.18,0.0
8.4167,13.179,22.5,9.321,1150.24,1150.24,0.0
8.4333,13.178,22.52,9.342,1150.3,1150.3,0.0
8.45,13.177,22.54,9.363,1150.35,1150.35,0.0
8.4667,13.175,22.56,9.385,1150.41,1150.41,0.0
8.4833,13.174,22.58,9.406,1150.47,1150.47,0.0
8.5,13.173,22.6,9.427,1150.53,1150.53,0.0
8.5167,13.171,22.62,9.449,1150.59,1150.59,0.0
8.5333,13.17,22.64,9.47,1150.65,1150.65,0.0
8.55,13.168,22.66,9.492,1150.7,1150.7,0.0
8.5667,13.167,22.68,9.513,1150.76,1150.76,0.0
8.5833,13.166,22.7,9.534,1150.82,1150.82,0.0
8.6,13.164,22.72,9.556,1150.88,1150.88,0.0
8.6167,13.163,22.74,9.577,1150.94,1150.94,0.0
8.6333,13.161,22.76,9.599,1151.0,1151.0,0.0
8.65,13.16,22.78,9.62,1151.06,1151.06,0.0
8.6667,13.159,22.8,9.641,1151.12,1151.12,0.0
8.6833,13.157,22.82,9.663,1151.17,1151.17,0.0
8.7,13.156,22.84,9.684,1151.23,1151.23,0.0
8.7167,13.154,22.86,9.706,1151.29,1151.29,0.0
8.7333,13.153,22.88,9.727,1151.35,1151.35,0.0
8.75,13.152,22.9,9.748,1151.41,1151.41,0.0
8.7667,13.15,22.92,9.77,1151.47,1151.47,0.0
8.7833,13.149,22.94,9.791,1151.53,1151.53,0.0
8.8,13.147,22.96,9.813,1151.59,1151.59,0.0
8.8167,13.146,22.98,9.834,1151.65,1151.65,0.0
8.8333,13.145,23.0,9.855,1151.71,1151.71,0.0
8.85,13.143,23.02,9.877,1151.77,1151.77,0.0
8.8667,13.142,23.04,9.898,1151.83,1151.83,0.0
8.8833,13.14,23.06,9.92,1151.88,1151.88,0.0
8.9,13.139,23.08,9.941,1151.94,1151.94,0.0
8.9167,13.138,23.1,9.962,1152.0,1152.0,0.0
8.9333,13.136,23.12,9.984,1152.06,1152.06,0.0
8.95,13.135,23.14,10.005,1152.12,1152.12,0.0
8.9667,13.133,23.16,10.027,1152.18,1152.18,0.0
8.9833,13.132,23.18,10.048,1152.24,1152.24,0.0
9.0,13.131,23.2,10.069,1152.3,1152.3,0.0
9.0167,13.124,23.215,10.091,1152.57,1152.57,0.0
9.0333,13.118,23.23,10.112,1152.84,1152.84,0.0
9.05,13.111,23.245,10.134,1153.11,1153.11,0.0
9.0667,13.105,23.26,10.155,1153.39,1153.39,0.0
9.0833,13.098,23.275,10.177,1153.66,1153.66,0.0
9.1,13.092,23.29,10.198,1153.93,1153.93,0.0
9.1167,13.086,23.305,10.219,1154.2,1154.2,0.0
9.1333,13.079,23.32,10.241,1154.47,1154.47,0.0
9.15,13.073,23.335,10.262,1154.74,1154.74,0.0
9.1667,13.066,23.35,10.284,1155.02,1155.02,0.0
9.1833,13.06,23.365,10.305,1155.29,1155.29,0.0
9.2,13.053,23.38,10.327,1155.56,1155.56,0.0
9.2167,13.047,23.395,10.348,1155.83,1155.83,0.0
9.2333,13.04,23.41,10.37,1156.11,1156.11,0.0
9.25,13.034,23.425,10.391,1156.38,1156.38,0.0
9.2667,13.027,23.44,10.413,1156.65,1156.65,0.0
9.2833,13.021,23.455,10.434,1156.92,1156.92,0.0
9.3,13.014,23.47,10.456,1157.2,1157.2,0.0
9.3167,13.008,23.485,10.477,1157.47,1157.47,0.0
9.3333,13.001,23.5,10.499,1157.74,1157.74,0.0
9.35,12.995,23.515,10.52,1158.02,1158.02,0.0
9.3667,12.988,23.53,10.542,1158.29,1158.29,0.0
9.3833,12.982,23.545,10.563,1158.56,1158.56,0.0
9.4,12.975,23.56,10.585,1158.84,1158.84,0.0
9.4167,12.969,23.575,10.606,1159.11,1159.11,0.0
9.4333,12.962,23.59,10.628,1159.38,1159.38,0.0
9.45,12.956,23.605,10.649,1159.66,1159.66,0.0
9.4667,12.949,23.62,10.671,1159.93,1159.93,0.0
9.4833,12.943,23.635,10.692,1160.21,1160.21,0.0
9.5,12.936,23.65,10.714,1160.48,1160.48,0.0
9.5167,12.929,23.665,10.736,1160.75,1160.75,0.0
9.5333,12.923,23.68,10.757,1161.03,1161.03,0.0
9.55,12.916,23.695,10.779,1161.3,1161.3,0.0
9.5667,12.91,23.71,10.8,1161.58,1161.58,0.0
9.5833,12.903,23.725,10.822,1161.85,1161.85,0.0
9.6,12.896,23.74,10.844,1162.13,1162.13,0.0
9.6167,12.89,23.755,10.865,1162.4,1162.4,0.0
9.6333,12.883,23.77,10.887,1162.68,1162.68,0.0
9.65,12.877,23.785,10.908,1162.95,1162.95,0.0
9.6667,12.87,23.8,10.93,1163.23,1163.23,0.0
9.6833,12.863,23.815,10.952,1163.5,1163.5,0.0
9.7,12.857,23.83,10.973,1163.78,1163.78,0.0
9.7167,12.85,23.845,10.995,1164.06,1164.06,0.0
9.7333,12.844,23.86,11.016,1164.33,1164.33,0.0
9.75,12.837,23.875,11.038,1164.61,1164.61,0.0
9.7667,12.83,23.89,11.06,1164.88,1164.88,0.0
9.7833,12.824,23.905,11.081,1165.16,1165.16,0.0
9.8,12.817,23.92,11.103,1165.44,1165.44,0.0
9.8167,12.81,23.935,11.125,1165.71,1165.71,0.0
9.8333,12.804,23.95,11.146,1165.99,1165.99,0.0
9.85,12.797,23.965,11.168,1166.27,1166.27,0.0
9.8667,12.79,23.98,11.19,1166.54,1166.54,0.0
9.8833,12.784,23.995,11.211,1166.82,1166.82,0.0
9.9,12.777,24.01,11.233,1167.1,1167.1,0.0
9.9167,12.77,24.025,11.255,1167.37,1167.37,0.0
9.9333,12.764,24.04,11.276,1167.65,1167.65,0.0
9.95,12.757,24.055,11.298,1167.93,1167.93,0.0
9.9667,12.75,24.07,11.32,1168.21,1168.21,0.0
9.9833,12.743,24.085,11.342,1168.48,1168.48,0.0
10.0,12.737,24.1,11.363,1168.76,1168.76,0.0
10.0167,12.727,24.112,11.385,1169.18,1169.18,0.0
10.0333,12.717,24.123,11.407,1169.59,1169.59,0.0
10.05,12.707,24.135,11.428,1170.01,1170.01,0.0
10.0667,12.696,24.147,11.45,1170.43,1170.43,0.0
10.0833,12.686,24.158,11.472,1170.84,1170.84,0.0
10.1,12.676,24.17,11.494,1171.26,1171.26,0.0
10.1167,12.666,24.182,11.515,1171.67,1171.67,0.0
10.1333,12.656,24.193,11.537,1172.09,1172.09,0.0
10.15,12.646,24.205,11.559,1172.51,1172.51,0.0
10.1667,12.636,24.217,11.581,1172.92,1172.92,0.0
10.1833,12.626,24.228,11.603,1173.34,1173.34,0.0
10.2,12.616,24.24,11.624,1173.76,1173.76,0.0
10.2167,12.605,24.252,11.646,1174.17,1174.17,0.0
10.2333,12.595,24.263,11.668,1174.59,1174.59,0.0
10.25,12.585,24.275,11.69,1175.01,1175.01,0.0
10.2667,12.575,24.287,11.712,1175.42,1175.42,0.0
10.2833,12.565,24.298,11.734,1175.84,1175.84,0.0
10.3,12.555,24.31,11.755,1176.26,1176.26,0.0
10.3167,12.544,24.322,11.777,1176.67,1176.67,0.0
10.3333,12.534,24.333,11.799,1177.09,1177.09,0.0
10.35,12.524,24.345,11.821,1177.51,1177.51,0.0
10.3667,12.514,24.357,11.843,1177.93,1177.93,0.0
10.3833,12.504,24.368,11.865,1178.34,1178.34,0.0
10.4,12.493,24.38,11.887,1178.76,1178.76,0.0
10.4167,12.483,24.392,11.909,1179.18,1179.18,0.0
10.4333,12.473,24.403,11.931,1179.6,1179.6,0.0
10.45,12.463,24.415,11.952,1180.02,1180.02,0.0
10.4667,12.452,24.427,11.974,1180.43,1180.43,0.0
10.4833,12.442,24.438,11.996,1180.85,1180.85,0.0
10.5,12.432,24.45,12.018,1181.27,1181.27,0.0
10.5167,12.421,24.462,12.04,1181.69,1181.69,0.0
10.5333,12.411,24.473,12.062,1182.11,1182.11,0.0
10.55,12.401,24.485,12.084,1182.52,1182.52,0.0
10.5667,12.391,24.497,12.106,1182.94,1182.94,0.0
10.5833,12.38,24.508,12.128,1183.36,1183.36,0.0
10.6,12.37,24.52,12.15,1183.78,1183.78,0.0
10.6167,12.36,24.532,12.172,1184.2,1184.2,0.0
10.6333,12.349,24.543,12.194,1184.62,1184.62,0.0
10.65,12.339,24.555,12.216,1185.04,1185.04,0.0
10.6667,12.329,24.567,12.238,1185.46,1185.46,0.0
10.6833,12.318,24.578,12.26,1185.87,1185.87,0.0
10.7,12.308,24.59,12.282,1186.29,1186.29,0.0
10.7167,12.297,24.602,12.304,1186.71,1186.71,0.0
10.7333,12.287,24.613,12.326,1187.13,1187.13,0.0
10.75,12.277,24.625,12.348,1187.55,1187.55,0.0
10.7667,12.266,24.637,12.37,1187.97,1187.97,0.0
10.7833,12.256,24.648,12.393,1188.39,1188.39,0.0
10.8,12.245,24.66,12.415,1188.81,1188.81,0.0
10.8167,12.235,24.672,12.437,1189.23,1189.23,0.0
10.8333,12.225,24.683,12.459,1189.65,1189.65,0.0
10.85,12.214,24.695,12.481,1190.07,1190.07,0.0
10.8667,12.204,24.707,12.503,1190.49,1190.49,0.0
10.8833,12.193,24.718,12.525,1190.91,1190.91,0.0
10.9,12.183,24.73,12.547,1191.33,1191.33,0.0
10.9167,12.172,24.742,12.569,1191.75,1191.75,0.0
10.9333,12.162,24.753,12.592,1192.17,1192.17,0.0
10.95,12.151,24.765,12.614,1192.59,1192.59,0.0
10.9667,12.141,24.777,12.636,1193.01,1193.01,0.0
10.9833,12.13,24.788,12.658,1193.43,1193.43,0.0
11.0,12.12,24.8,12.68,1193.85,1193.85,0.0
11.0167,12.106,24.808,12.702,1194.41,1194.41,0.0
11.0333,12.092,24.817,12.725,1194.96,1194.96,0.0
11.05,12.078,24.825,12.747,1195.51,1195.51,0.0
11.0667,12.064,24.833,12.769,1196.07,1196.07,0.0
11.0833,12.05,24.842,12.791,1196.62,1196.62,0.0
11.1,12.036,24.85,12.814,1197.17,1197.17,0.0
11.1167,12.023,24.858,12.836,1197.73,1197.73,0.0
11.1333,12.009,24.867,12.858,1198.28,1198.28,0.0
11.15,11.995,24.875,12.88,1198.84,1198.84,0.0
11.1667,11.981,24.883,12.903,1199.39,1199.39,0.0
11.1833,11.967,24.892,12.925,1199.94,1199.94,0.0
11.2,11.953,24.9,12.947,1200.5,1200.5,0.0
11.2167,11.939,24.908,12.969,1201.05,1201.05,0.0
11.2333,11.925,24.917,12.992,1201.6,1201.6,0.0
11.25,11.911,24.925,13.014,1202.16,1202.16,0.0
11.2667,11.897,24.933,13.036,1202.71,1202.71,0.0
11.2833,11.883,24.942,13.059,1203.26,1203.26,0.0
11.3,11.869,24.95,13.081,1203.82,1203.82,0.0
11.3167,11.855,24.958,13.104,1204.37,1204.37,0.0
11.3333,11.841,24.967,13.126,1204.93,1204.93,0.0
11.35,11.827,24.975,13.148,1205.48,1205.48,0.0
11.3667,11.813,24.983,13.171,1206.03,1206.03,0.0
11.3833,11.799,24.992,13.193,1206.59,1206.59,0.0
11.4,11.784,25.0,13.216,1207.14,1207.14,0.0
11.4167,11.77,25.008,13.238,1207.69,1207.69,0.0
11.4333,11.756,25.017,13.26,1208.25,1208.25,0.0
11.45,11.742,25.025,13.283,1208.8,1208.8,0.0
11.4667,11.728,25.033,13.305,1209.35,1209.35,0.0
11.4833,11.714,25.042,13.328,1209.91,1209.91,0.0
11.5,11.7,25.05,13.35,1210.46,1210.46,0.0
11.5167,11.685,25.058,13.373,1211.01,1211.01,0.0
11.5333,11.671,25.067,13.395,1211.57,1211.57,0.0
11.55,11.657,25.075,13.418,1212.12,1212.12,0.0
11.5667,11.643,25.083,13.44,1212.67,1212.67,0.0
11.5833,11.629,25.092,13.463,1213.23,1213.23,0.0
11.6,11.615,25.1,13.485,1213.78,1213.78,0.0
11.6167,11.6,25.108,13.508,1214.33,1214.33,0.0
11.6333,11.586,25.117,13.531,1214.89,1214.89,0.0
11.65,11.572,25.125,13.553,1215.44,1215.44,0.0
11.6667,11.558,25.133,13.576,1215.99,1215.99,0.0
11.6833,11.543,25.142,13.598,1216.55,1216.55,0.0
11.7,11.529,25.15,13.621,1217.1,1217.1,0.0
11.7167,11.515,25.158,13.644,1217.65,1217.65,0.0
11.7333,11.5,25.167,13.666,1218.2,1218.2,0.0
11.75,11.486,25.175,13.689,1218.76,1218.76,0.0
11.7667,11.472,25.183,13.712,1219.31,1219.31,0.0
11.7833,11.457,25.192,13.734,1219.86,1219.86,0.0
11.8,11.443,25.2,13.757,1220.42,1220.42,0.0
11.8167,11.429,25.208,13.78,1220.97,1220.97,0.0
11.8333,11.414,25.217,13.802,1221.52,1221.52,0.0
11.85,11.4,25.225,13.825,1222.07,1222.07,0.0
11.8667,11.386,25.233,13.848,1222.63,1222.63,0.0
11.8833,11.371,25.242,13.87,1223.18,1223.18,0.0
11.9,11.357,25.25,13.893,1223.73,1223.73,0.0
11.9167,11.343,25.258,13.916,1224.28,1224.28,0.0
11.9333,11.328,25.267,13.939,1224.84,1224.84,0.0
11.95,11.314,25.275,13.961,1225.39,1225.39,0.0
11.9667,11.299,25.283,13.984,1225.94,1225.94,0.0
11.9833,11.285,25.292,14.007,1226.49,1226.49,0.0
12.0,11.27,25.3,14.03,1227.05,1227.05,0.0
12.0167,11.254,25.307,14.052,1227.66,1227.66,0.0
12.0333,11.238,25.313,14.075,1228.28,1228.28,0.0
12.05,11.222,25.32,14.098,1228.89,1228.89,0.0
12.0667,11.206,25.327,14.121,1229.51,1229.51,0.0
12.0833,11.19,25.333,14.144,1230.13,1230.13,0.0
12.1,11.173,25.34,14.167,1230.74,1230.74,0.0
12.1167,11.157,25.347,14.19,1231.36,1231.36,0.0
12.1333,11.141,25.353,14.212,1231.97,1231.97,0.0
12.15,11.125,25.36,14.235,1232.59,1232.59,0.0
12.1667,11.108,25.367,14.258,1233.2,1233.2,0.0
12.1833,11.092,25.373,14.281,1233.82,1233.82,0.0
12.2,11.076,25.38,14.304,1234.43,1234.43,0.0
12.2167,11.06,25.387,14.327,1235.04,1235.04,0.0
12.2333,11.043,25.393,14.35,1235.66,1235.66,0.0
12.25,11.027,25.4,14.373,1236.27,1236.27,0.0
12.2667,11.011,25.407,14.396,1236.89,1236.89,0.0
12.2833,10.994,25.413,14.419,1237.5,1237.5,0.0
12.3,10.978,25.42,14.442,1238.12,1238.12,0.0
12.3167,10.962,25.427,14.465,1238.73,1238.73,0.0
12.3333,10.945,25.433,14.488,1239.34,1239.34,0.0
12.35,10.929,25.44,14.511,1239.96,1239.96,0.0
12.3667,10.913,25.447,14.534,1240.57,1240.57,0.0
12.3833,10.896,25.453,14.557,1241.18,1241.18,0.0
12.4,10.88,25.46,14.58,1241.8,1241.8,0.0
12.4167,10.863,25.467,14.603,1242.41,1242.41,0.0
12.4333,10.847,25.473,14.626,1243.02,1243.02,0.0
12.45,10.831,25.48,14.649,1243.64,1243.64,0.0
12.4667,10.814,25.487,14.673,1244.25,1244.25,0.0
12.4833,10.798,25.493,14.696,1244.86,1244.86,0.0
12.5,10.781,25.5,14.719,1245.47,1245.47,0.0
12.5167,10.765,25.507,14.742,1246.09,1246.09,0.0
12.5333,10.748,25.513,14.765,1246.7,1246.7,0.0
12.55,10.732,25.52,14.788,1247.31,1247.31,0.0
12.5667,10.715,25.527,14.811,1247.92,1247.92,0.0
12.5833,10.699,25.533,14.835,1248.53,1248.53,0.0
12.6,10.682,25.54,14.858,1249.14,1249.14,0.0
12.6167,10.666,25.547,14.881,1249.76,1249.76,0.0
12.6333,10.649,25.553,14.904,1250.37,1250.37,0.0
12.65,10.632,25.56,14.928,1250.98,1250.98,0.0
12.6667,10.616,25.567,14.951,1251.59,1251.59,0.0
12.6833,10.599,25.573,14.974,1252.2,1252.2,0.0
12.7,10.583,25.58,14.997,1252.81,1252.81,0.0
12.7167,10.566,25.587,15.021,1253.42,1253.42,0.0
12.7333,10.549,25.593,15.044,1254.03,1254.03,0.0
12.75,10.533,25.6,15.067,1254.64,1254.64,0.0
12.7667,10.516,25.607,15.09,1255.25,1255.25,0.0
12.7833,10.5,25.613,15.114,1255.86,1255.86,0.0
12.8,10.483,25.62,15.137,1256.47,1256.47,0.0
12.8167,10.466,25.627,15.161,1257.08,1257.08,0.0
12.8333,10.449,25.633,15.184,1257.69,1257.69,0.0
12.85,10.433,25.64,15.207,1258.3,1258.3,0.0
12.8667,10.416,25.647,15.231,1258.91,1258.91,0.0
12.8833,10.399,25.653,15.254,1259.52,1259.52,0.0
12.9,10.383,25.66,15.277,1260.13,1260.13,0.0
12.9167,10.366,25.667,15.301,1260.74,1260.74,0.0
12.9333,10.349,25.673,15.324,1261.35,1261.35,0.0
12.95,10.332,25.68,15.348,1261.96,1261.96,0.0
12.9667,10.315,25.687,15.371,1262.57,1262.57,0.0
12.9833,10.299,25.693,15.395,1263.17,1263.17,0.0
13.0,10.282,25.7,15.418,1263.78,1263.78,0.0
13.0167,10.263,25.705,15.442,1264.45,1264.45,0.0
13.0333,10.245,25.71,15.465,1265.12,1265.12,0.0
13.05,10.226,25.715,15.489,1265.79,1265.79,0.0
13.0667,10.208,25.72,15.512,1266.45,1266.45,0.0
13.0833,10.189,25.725,15.536,1267.12,1267.12,0.0
13.1,10.171,25.73,15.559,1267.79,1267.79,0.0
13.1167,10.152,25.735,15.583,1268.45,1268.45,0.0
13.1333,10.134,25.74,15.606,1269.12,1269.12,0.0
13.15,10.115,25.745,15.63,1269.79,1269.79,0.0
13.1667,10.096,25.75,15.654,1270.45,1270.45,0.0
13.1833,10.078,25.755,15.677,1271.12,1271.12,0.0
13.2,10.059,25.76,15.701,1271.78,1271.78,0.0
13.2167,10.041,25.765,15.724,1272.45,1272.45,0.0
13.2333,10.022,25.77,15.748,1273.11,1273.11,0.0
13.25,10.003,25.775,15.772,1273.78,1273.78,0.0
13.2667,9.985,25.78,15.795,1274.44,1274.44,0.0
13.2833,9.966,25.785,15.819,1275.11,1275.11,0.0
13.3,9.947,25.79,15.843,1275.77,1275.77,0.0
13.3167,9.929,25.795,15.866,1276.44,1276.44,0.0
13.3333,9.91,25.8,15.89,1277.1,1277.1,0.0
13.35,9.891,25.805,15.914,1277.76,1277.76,0.0
13.3667,9.872,25.81,15.938,1278.43,1278.43,0.0
13.3833,9.854,25.815,15.961,1279.09,1279.09,0.0
13.4,9.835,25.82,15.985,1279.75,1279.75,0.0
13.4167,9.816,25.825,16.009,1280.41,1280.41,0.0
13.4333,9.797,25.83,16.033,1281.08,1281.08,0.0
13.45,9.778,25.835,16.057,1281.74,1281.74,0.0
13.4667,9.76,25.84,16.08,1282.4,1282.4,0.0
13.4833,9.741,25.845,16.104,1283.06,1283.06,0.0
13.5,9.722,25.85,16.128,1283.72,1283.72,0.0
13.5167,9.703,25.855,16.152,1284.38,1284.38,0.0
13.5333,9.684,25.86,16.176,1285.04,1285.04,0.0
13.55,9.665,25.865,16.2,1285.7,1285.7,0.0
13.5667,9.646,25.87,16.224,1286.36,1286.36,0.0
13.5833,9.627,25.875,16.248,1287.02,1287.02,0.0
13.6,9.609,25.88,16.271,1287.68,1287.68,0.0
13.6167,9.59,25.885,16.295,1288.34,1288.34,0.0
13.6333,9.571,25.89,16.319,1289.0,1289.0,0.0
13.65,9.552,25.895,16.343,1289.66,1289.66,0.0
13.6667,9.533,25.9,16.367,1290.32,1290.32,0.0
13.6833,9.514,25.905,16.391,1290.98,1290.98,0.0
13.7,9.495,25.91,16.415,1291.64,1291.64,0.0
13.7167,9.476,25.915,16.439,1292.29,1292.29,0.0
13.7333,9.457,25.92,16.463,1292.95,1292.95,0.0
13.75,9.438,25.925,16.487,1293.61,1293.61,0.0
13.7667,9.419,25.93,16.511,1294.26,1294.26,0.0
13.7833,9.4,25.935,16.535,1294.92,1294.92,0.0
13.8,9.381,25.94,16.559,1295.58,1295.58,0.0
13.8167,9.362,25.945,16.583,1296.23,1296.23,0.0
13.8333,9.342,25.95,16.608,1296.89,1296.89,0.0
13.85,9.323,25.955,16.632,1297.54,1297.54,0.0
13.8667,9.304,25.96,16.656,1298.2,1298.2,0.0
13.8833,9.285,25.965,16.68,1298.85,1298.85,0.0
13.9,9.266,25.97,16.704,1299.51,1299.51,0.0
13.9167,9.247,25.975,16.728,1300.16,1300.16,0.0
13.9333,9.228,25.98,16.752,1300.82,1300.82,0.0
13.95,9.208,25.985,16.777,1301.47,1301.47,0.0
13.9667,9.189,25.99,16.801,1302.12,1302.12,0.0
13.9833,9.17,25.995,16.825,1302.78,1302.78,0.0
14.0,9.151,26.0,16.849,1303.43,1303.43,0.0
14.0167,9.123,25.997,16.873,1304.37,1304.37,0.0
14.0333,9.096,25.993,16.898,1305.3,1305.3,0.0
14.05,9.068,25.99,16.922,1306.23,1306.23,0.0
14.0667,9.041,25.987,16.946,1307.17,1307.17,0.0
14.0833,9.013,25.983,16.97,1308.1,1308.1,0.0
14.1,8.985,25.98,16.995,1309.03,1309.03,0.0
14.1167,8.958,25.977,17.019,1309.96,1309.96,0.0
14.1333,8.93,25.973,17.043,1310.89,1310.89,0.0
14.15,8.902,25.97,17.068,1311.82,1311.82,0.0
14.1667,8.875,25.967,17.092,1312.74,1312.74,0.0
14.1833,8.847,25.963,17.117,1313.67,1313.67,0.0
14.2,8.819,25.96,17.141,1314.6,1314.6,0.0
14.2167,8.791,25.957,17.165,1315.52,1315.52,0.0
14.2333,8.763,25.953,17.19,1316.45,1316.45,0.0
14.25,8.736,25.95,17.214,1317.37,1317.37,0.0
14.2667,8.708,25.947,17.239,1318.29,1318.29,0.0
14.2833,8.68,25.943,17.263,1319.21,1319.21,0.0
14.3,8.652,25.94,17.288,1320.13,1320.13,0.0
14.3167,8.624,25.937,17.312,1321.05,1321.05,0.0
14.3333,8.596,25.933,17.337,1321.97,1321.97,0.0
14.35,8.569,25.93,17.361,1322.89,1322.89,0.0
14.3667,8.541,25.927,17.386,1323.81,1323.81,0.0
14.3833,8.513,25.923,17.411,1324.73,1324.73,0.0
14.4,8.485,25.92,17.435,1325.64,1325.64,0.0
14.4167,8.457,25.917,17.46,1326.56,1326.56,0.0
14.4333,8.429,25.913,17.485,1327.47,1327.47,0.0
14.45,8.401,25.91,17.509,1328.38,1328.38,0.0
14.4667,8.373,25.907,17.534,1329.29,1329.29,0.0
14.4833,8.345,25.903,17.559,1330.2,1330.2,0.0
14.5,8.317,25.9,17.583,1331.12,1331.12,0.0
14.5167,8.289,25.897,17.608,1332.02,1332.02,0.0
14.5333,8.26,25.893,17.633,1332.93,1332.93,0.0
14.55,8.232,25.89,17.658,1333.84,1333.84,0.0
14.5667,8.204,25.887,17.682,1334.75,1334.75,0.0
14.5833,8.176,25.883,17.707,1335.65,1335.65,0.0
14.6,8.148,25.88,17.732,1336.56,1336.56,0.0
14.6167,8.12,25.877,17.757,1337.46,1337.46,0.0
14.6333,8.092,25.873,17.782,1338.36,1338.36,0.0
14.65,8.063,25.87,17.807,1339.27,1339.27,0.0
14.6667,8.035,25.867,17.831,1340.17,1340.17,0.0
14.6833,8.007,25.863,17.856,1341.07,1341.07,0.0
14.7,7.979,25.86,17.881,1341.97,1341.97,0.0
14.7167,7.95,25.857,17.906,1342.87,1342.87,0.0
14.7333,7.922,25.853,17.931,1343.76,1343.76,0.0
14.75,7.894,25.85,17.956,1344.66,1344.66,0.0
14.7667,7.865,25.847,17.981,1345.56,1345.56,0.0
14.7833,7.837,25.843,18.006,1346.45,1346.45,0.0
14.8,7.809,25.84,18.031,1347.35,1347.35,0.0
14.8167,7.78,25.837,18.056,1348.24,1348.24,0.0
14.8333,7.752,25.833,18.081,1349.13,1349.13,0.0
14.85,7.724,25.83,18.106,1350.02,1350.02,0.0
14.8667,7.695,25.827,18.131,1350.91,1350.91,0.0
14.8833,7.667,25.823,18.157,1351.8,1351.8,0.0
14.9,7.638,25.82,18.182,1352.69,1352.69,0.0
14.9167,7.61,25.817,18.207,1353.58,1353.58,0.0
14.9333,7.581,25.813,18.232,1354.47,1354.47,0.0
14.95,7.553,25.81,18.257,1355.35,1355.35,0.0
14.9667,7.524,25.807,18.282,1356.24,1356.24,0.0
14.9833,7.496,25.803,18.308,1357.12,1357.12,0.0
15.0,7.467,25.8,18.333,1358.0,1358.0,0.0
15.0167,7.435,25.793,18.358,1358.99,1358.99,0.0
15.0333,7.403,25.787,18.383,1359.97,1359.97,0.0
15.05,7.371,25.78,18.409,1360.96,1360.96,0.0
15.0667,7.34,25.773,18.434,1361.94,1361.94,0.0
15.0833,7.308,25.767,18.459,1362.92,1362.92,0.0
15.1,7.276,25.76,18.484,1363.9,1363.9,0.0
15.1167,7.244,25.753,18.51,1364.87,1364.87,0.0
15.1333,7.211,25.747,18.535,1365.85,1365.85,0.0
15.15,7.179,25.74,18.561,1366.83,1366.83,0.0
15.1667,7.147,25.733,18.586,1367.8,1367.8,0.0
15.1833,7.115,25.727,18.611,1368.77,1368.77,0.0
15.2,7.083,25.72,18.637,1369.75,1369.75,0.0
15.2167,7.051,25.713,18.662,1370.72,1370.72,0.0
15.2333,7.019,25.707,18.688,1371.69,1371.69,0.0
15.25,6.987,25.7,18.713,1372.65,1372.65,0.0
15.2667,6.955,25.693,18.739,1373.62,1373.62,0.0
15.2833,6.922,25.687,18.764,1374.59,1374.59,0.0
15.3,6.89,25.68,18.79,1375.55,1375.55,0.0
15.3167,6.858,25.673,18.815,1376.51,1376.51,0.0
15.3333,6.826,25.667,18.841,1377.47,1377.47,0.0
15.35,6.793,25.66,18.867,1378.44,1378.44,0.0
15.3667,6.761,25.653,18.892,1379.39,1379.39,0.0
15.3833,6.729,25.647,18.918,1380.35,1380.35,0.0
15.4,6.697,25.64,18.943,1381.31,1381.31,0.0
15.4167,6.664,25.633,18.969,1382.27,1382.27,0.0
15.4333,6.632,25.627,18.995,1383.22,1383.22,0.0
15.45,6.599,25.62,19.021,1384.17,1384.17,0.0
15.4667,6.567,25.613,19.046,1385.13,1385.13,0.0
15.4833,6.535,25.607,19.072,1386.08,1386.08,0.0
15.5,6.502,25.6,19.098,1387.03,1387.03,0.0
15.5167,6.47,25.593,19.124,1387.97,1387.97,0.0
15.5333,6.437,25.587,19.149,1388.92,1388.92,0.0
15.55,6.405,25.58,19.175,1389.87,1389.87,0.0
15.5667,6.372,25.573,19.201,1390.81,1390.81,0.0
15.5833,6.34,25.567,19.227,1391.75,1391.75,0.0
15.6,6.307,25.56,19.253,1392.7,1392.7,0.0
15.6167,6.275,25.553,19.279,1393.64,1393.64,0.0
15.6333,6.242,25.547,19.304,1394.58,1394.58,0.0
15.65,6.21,25.54,19.33,1395.52,1395.52,0.0
15.6667,6.177,25.533,19.356,1396.45,1396.45,0.0
15.6833,6.144,25.527,19.382,1397.39,1397.39,0.0
15.7,6.112,25.52,19.408,1398.32,1398.32,0.0
15.7167,6.079,25.513,19.434,1399.26,1399.26,0.0
15.7333,6.046,25.507,19.46,1400.19,1400.19,0.0
15.75,6.014,25.5,19.486,1401.12,1401.12,0.0
15.7667,5.981,25.493,19.512,1402.05,1402.05,0.0
15.7833,5.948,25.487,19.538,1402.98,1402.98,0.0
15.8,5.916,25.48,19.564,1403.9,1403.9,0.0
15.8167,5.883,25.473,19.591,1404.83,1404.83,0.0
15.8333,5.85,25.467,19.617,1405.76,1405.76,0.0
15.85,5.817,25.46,19.643,1406.68,1406.68,0.0
15.8667,5.784,25.453,19.669,1407.6,1407.6,0.0
15.8833,5.752,25.447,19.695,1408.52,1408.52,0.0
15.9,5.719,25.44,19.721,1409.44,1409.44,0.0
15.9167,5.686,25.433,19.747,1410.36,1410.36,0.0
15.9333,5.653,25.427,19.774,1411.28,1411.28,0.0
15.95,5.62,25.42,19.8,1412.19,1412.19,0.0
15.9667,5.587,25.413,19.826,1413.11,1413.11,0.0
15.9833,5.554,25.407,19.852,1414.02,1414.02,0.0
16.0,5.521,25.4,19.879,1414.93,1414.93,0.0
16.0167,5.487,25.392,19.905,1415.89,1415.89,0.0
16.0333,5.452,25.383,19.931,1416.84,1416.84,0.0
16.05,5.417,25.375,19.958,1417.8,1417.8,0.0
16.0667,5.383,25.367,19.984,1418.75,1418.75,0.0
16.0833,5.348,25.358,20.01,1419.7,1419.7,0.0
16.1,5.313,25.35,20.037,1420.65,1420.65,0.0
16.1167,5.279,25.342,20.063,1421.6,1421.6,0.0
16.1333,5.244,25.333,20.09,1422.55,1422.55,0.0
16.15,5.209,25.325,20.116,1423.49,1423.49,0.0
16.1667,5.174,25.317,20.142,1424.44,1424.44,0.0
16.1833,5.139,25.308,20.169,1425.38,1425.38,0.0
16.2,5.105,25.3,20.195,1426.32,1426.32,0.0
16.2167,5.07,25.292,20.222,1427.26,1427.26,0.0
16.2333,5.035,25.283,20.248,1428.2,1428.2,0.0
16.25,5.0,25.275,20.275,1429.14,1429.14,0.0
16.2667,4.965,25.267,20.302,1430.07,1430.07,0.0
16.2833,4.93,25.258,20.328,1431.01,1431.01,0.0
16.3,4.895,25.25,20.355,1431.94,1431.94,0.0
16.3167,4.86,25.242,20.381,1432.87,1432.87,0.0
16.3333,4.825,25.233,20.408,1433.8,1433.8,0.0
16.35,4.79,25.225,20.435,1434.73,1434.73,0.0
16.3667,4.755,25.217,20.461,1435.66,1435.66,0.0
16.3833,4.72,25.208,20.488,1436.58,1436.58,0.0
16.4,4.685,25.2,20.515,1437.51,1437.51,0.0
16.4167,4.65,25.192,20.541,1438.43,1438.43,0.0
16.4333,4.615,25.183,20.568,1439.35,1439.35,0.0
16.45,4.58,25.175,20.595,1440.27,1440.27,0.0
16.4667,4.545,25.167,20.622,1441.19,1441.19,0.0
16.4833,4.51,25.158,20.648,1442.1,1442.1,0.0
16.5,4.475,25.15,20.675,1443.02,1443.02,0.0
16.5167,4.44,25.142,20.702,1443.93,1443.93,0.0
16.5333,4.405,25.133,20.729,1444.85,1444.85,0.0
16.55,4.369,25.125,20.756,1445.76,1445.76,0.0
16.5667,4.334,25.117,20.783,1446.67,1446.67,0.0
16.5833,4.299,25.108,20.809,1447.58,1447.58,0.0
16.6,4.264,25.1,20.836,1448.48,1448.48,0.0
16.6167,4.228,25.092,20.863,1449.39,1449.39,0.0
16.6333,4.193,25.083,20.89,1450.29,1450.29,0.0
16.65,4.158,25.075,20.917,1451.2,1451.2,0.0
16.6667,4.123,25.067,20.944,1452.1,1452.1,0.0
16.6833,4.087,25.058,20.971,1453.0,1453.0,0.0
16.7,4.052,25.05,20.998,1453.9,1453.9,0.0
16.7167,4.017,25.042,21.025,1454.79,1454.79,0.0
16.7333,3.981,25.033,21.052,1455.69,1455.69,0.0
16.75,3.946,25.025,21.079,1456.58,1456.58,0.0
16.7667,3.91,25.017,21.106,1457.48,1457.48,0.0
16.7833,3.875,25.008,21.133,1458.37,1458.37,0.0
16.8,3.84,25.0,21.16,1459.26,1459.26,0.0
16.8167,3.804,24.992,21.188,1460.15,1460.15,0.0
16.8333,3.769,24.983,21.215,1461.03,1461.03,0.0
16.85,3.733,24.975,21.242,1461.92,1461.92,0.0
16.8667,3.698,24.967,21.269,1462.8,1462.8,0.0
16.8833,3.662,24.958,21.296,1463.69,1463.69,0.0
16.9,3.627,24.95,21.323,1464.57,1464.57,0.0
16.9167,3.591,24.942,21.351,1465.45,1465.45,0.0
16.9333,3.555,24.933,21.378,1466.33,1466.33,0.0
16.95,3.52,24.925,21.405,1467.2,1467.2,0.0
16.9667,3.484,24.917,21.432,1468.08,1468.08,0.0
16.9833,3.449,24.908,21.46,1468.95,1468.95,0.0
17.0,3.413,24.9,21.487,1469.83,1469.83,0.0
17.0167,3.376,24.89,21.514,1470.74,1470.74,0.0
17.0333,3.338,24.88,21.542,1471.65,1471.65,0.0
17.05,3.301,24.87,21.569,1472.56,1472.56,0.0
17.0667,3.264,24.86,21.596,1473.47,1473.47,0.0
17.0833,3.226,24.85,21.624,1474.37,1474.37,0.0
17.1,3.189,24.84,21.651,1475.28,1475.28,0.0
17.1167,3.151,24.83,21.679,1476.18,1476.18,0.0
17.1333,3.114,24.82,21.706,1477.08,1477.08,0.0
17.15,3.077,24.81,21.733,1477.98,1477.98,0.0
17.1667,3.039,24.8,21.761,1478.88,1478.88,0.0
17.1833,3.002,24.79,21.788,1479.77,1479.77,0.0
17.2,2.964,24.78,21.816,1480.67,1480.67,0.0
17.2167,2.927,24.77,21.843,1481.56,1481.56,0.0
17.2333,2.889,24.76,21.871,1482.45,1482.45,0.0
17.25,2.852,24.75,21.898,1483.34,1483.34,0.0
17.2667,2.814,24.74,21.926,1484.23,1484.23,0.0
17.2833,2.776,24.73,21.954,1485.12,1485.12,0.0
17.3,2.739,24.72,21.981,1486.0,1486.0,0.0
17.3167,2.701,24.71,22.009,1486.89,1486.89,0.0
17.3333,2.664,24.7,22.036,1487.77,1487.77,0.0
17.35,2.626,24.69,22.064,1488.65,1488.65,0.0
17.3667,2.588,24.68,22.092,1489.53,1489.53,0.0
17.3833,2.551,24.67,22.119,1490.41,1490.41,0.0
17.4,2.513,24.66,22.147,1491.28,1491.28,0.0
17.4167,2.475,24.65,22.175,1492.16,1492.16,0.0
17.4333,2.437,24.64,22.203,1493.03,1493.03,0.0
17.45,2.4,24.63,22.23,1493.9,1493.9,0.0
17.4667,2.362,24.62,22.258,1494.77,1494.77,0.0
17.4833,2.324,24.61,22.286,1495.64,1495.64,0.0
17.5,2.286,24.6,22.314,1496.51,1496.51,0.0
17.5167,2.248,24.59,22.342,1497.37,1497.37,0.0
17.5333,2.211,24.58,22.369,1498.23,1498.23,0.0
17.55,2.173,24.57,22.397,1499.1,1499.1,0.0
17.5667,2.135,24.56,22.425,1499.96,1499.96,0.0
17.5833,2.097,24.55,22.453,1500.81,1500.81,0.0
17.6,2.059,24.54,22.481,1501.67,1501.67,0.0
17.6167,2.021,24.53,22.509,1502.53,1502.53,0.0
17.6333,1.983,24.52,22.537,1503.38,1503.38,0.0
17.65,1.945,24.51,22.565,1504.23,1504.23,0.0
17.6667,1.907,24.5,22.593,1505.08,1505.08,0.0
17.6833,1.869,24.49,22.621,1505.93,1505.93,0.0
17.7,1.831,24.48,22.649,1506.78,1506.78,0.0
17.7167,1.793,24.47,22.677,1507.63,1507.63,0.0
17.7333,1.755,24.46,22.705,1508.47,1508.47,0.0
17.75,1.717,24.45,22.733,1509.31,1509.31,0.0
17.7667,1.679,24.44,22.761,1510.16,1510.16,0.0
17.7833,1.641,24.43,22.789,1511.0,1511.0,0.0
17.8,1.603,24.42,22.817,1511.83,1511.83,0.0
17.8167,1.565,24.41,22.845,1512.67,1512.67,0.0
17.8333,1.527,24.4,22.873,1513.51,1513.51,0.0
17.85,1.489,24.39,22.901,1514.34,1514.34,0.0
17.8667,1.451,24.38,22.929,1515.17,1515.17,0.0
17.8833,1.413,24.37,22.957,1516.0,1516.0,0.0
17.9,1.374,24.36,22.986,1516.83,1516.83,0.0
17.9167,1.336,24.35,23.014,1517.66,1517.66,0.0
17.9333,1.298,24.34,23.042,1518.48,1518.48,0.0
17.95,1.26,24.33,23.07,1519.31,1519.31,0.0
17.9667,1.222,24.32,23.098,1520.13,1520.13,0.0
17.9833,1.183,24.31,23.127,1520.95,1520.95,0.0
18.0,1.145,24.3,23.155,1521.77,1521.77,0.0
18.0167,1.107,24.29,23.183,1522.59,1522.59,0.0
18.0333,1.068,24.28,23.212,1523.41,1523.41,0.0
18.05,1.03,24.27,23.24,1524.22,1524.22,0.0
18.0667,0.992,24.26,23.268,1525.04,1525.04,0.0
18.0833,0.954,24.25,23.296,1525.85,1525.85,0.0
18.1,0.915,24.24,23.325,1526.66,1526.66,0.0
18.1167,0.877,24.23,23.353,1527.47,1527.47,0.0
18.1333,0.838,24.22,23.382,1528.27,1528.27,0.0
18.15,0.8,24.21,23.41,1529.08,1529.08,0.0
18.1667,0.762,24.2,23.438,1529.88,1529.88,0.0
18.1833,0.723,24.19,23.467,1530.69,1530.69,0.0
18.2,0.685,24.18,23.495,1531.49,1531.49,0.0
18.2167,0.646,24.17,23.524,1532.29,1532.29,0.0
18.2333,0.608,24.16,23.552,1533.09,1533.09,0.0
18.25,0.569,24.15,23.581,1533.88,1533.88,0.0
18.2667,0.531,24.14,23.609,1534.68,1534.68,0.0
18.2833,0.492,24.13,23.638,1535.47,1535.47,0.0
18.3,0.454,24.12,23.666,1536.26,1536.26,0.0
18.3167,0.415,24.11,23.695,1537.05,1537.05,0.0
18.3333,0.377,24.1,23.723,1537.84,1537.84,0.0
18.35,0.338,24.09,23.752,1538.63,1538.63,0.0
18.3667,0.299,24.08,23.781,1539.41,1539.41,0.0
18.3833,0.261,24.07,23.809,1540.2,1540.2,0.0
18.4,0.222,24.06,23.838,1540.98,1540.98,0.0
18.4167,0.184,24.05,23.866,1541.76,1541.76,0.0
18.4333,0.145,24.04,23.895,1542.54,1542.54,0.0
18.45,0.106,24.03,23.924,1543.32,1543.32,0.0
18.4667,0.068,24.02,23.952,1544.1,1544.1,0.0
18.4833,0.029,24.01,23.981,1544.87,1544.87,0.0
18.5,-0.01,24.0,24.01,1545.65,1545.65,0.0
18.5167,-0.049,23.99,24.039,1546.42,1546.42,0.0
18.5333,-0.087,23.98,24.067,1547.19,1547.19,0.0
18.55,-0.126,23.97,24.096,1547.96,1547.96,0.0
18.5667,-0.165,23.96,24.125,1548.72,1548.72,0.0
18.5833,-0.204,23.95,24.154,1549.49,1549.49,0.0
18.6,-0.242,23.94,24.182,1550.26,1550.26,0.0
18.6167,-0.281,23.93,24.211,1551.02,1551.02,0.0
18.6333,-0.32,23.92,24.24,1551.78,1551.78,0.0
18.65,-0.359,23.91,24.269,1552.54,1552.54,0.0
18.6667,-0.398,23.9,24.298,1553.3,1553.3,0.0
18.6833,-0.437,23.89,24.327,1554.05,1554.05,0.0
18.7,-0.476,23.88,24.356,1554.81,1554.81,0.0
18.7167,-0.514,23.87,24.384,1555.56,1555.56,0.0
18.7333,-0.553,23.86,24.413,1556.32,1556.32,0.0
18.75,-0.592,23.85,24.442,1557.07,1557.07,0.0
18.7667,-0.631,23.84,24.471,1557.82,1557.82,0.0
18.7833,-0.67,23.83,24.5,1558.56,1558.56,0.0
18.8,-0.709,23.82,24.529,1559.31,1559.31,0.0
18.8167,-0.748,23.81,24.558,1560.06,1560.06,0.0
18.8333,-0.787,23.8,24.587,1560.8,1560.8,0.0
18.85,-0.826,23.79,24.616,1561.54,1561.54,0.0
18.8667,-0.865,23.78,24.645,1562.28,1562.28,0.0
18.8833,-0.904,23.77,24.674,1563.02,1563.02,0.0
18.9,-0.943,23.76,24.703,1563.76,1563.76,0.0
18.9167,-0.982,23.75,24.732,1564.49,1564.49,0.0
18.9333,-1.021,23.74,24.761,1565.23,1565.23,0.0
18.95,-1.06,23.73,24.79,1565.96,1565.96,0.0
18.9667,-1.1,23.72,24.82,1566.69,1566.69,0.0
18.9833,-1.139,23.71,24.849,1567.42,1567.42,0.0
19.0,-1.178,23.7,24.878,1568.15,1568.15,0.0
19.0167,-1.215,23.692,24.907,1568.85,1568.85,0.0
19.0333,-1.253,23.683,24.936,1569.54,1569.54,0.0
19.05,-1.29,23.675,24.965,1570.23,1570.23,0.0
19.0667,-1.328,23.667,24.994,1570.93,1570.93,0.0
19.0833,-1.365,23.658,25.024,1571.62,1571.62,0.0
19.1,-1.403,23.65,25.053,1572.31,1572.31,0.0
19.1167,-1.44,23.642,25.082,1572.99,1572.99,0.0
19.1333,-1.478,23.633,25.111,1573.68,1573.68,0.0
19.15,-1.516,23.625,25.141,1574.37,1574.37,0.0
19.1667,-1.553,23.617,25.17,1575.05,1575.05,0.0
19.1833,-1.591,23.608,25.199,1575.73,1575.73,0.0
19.2,-1.628,23.6,25.228,1576.41,1576.41,0.0
19.2167,-1.666,23.592,25.258,1577.09,1577.09,0.0
19.2333,-1.704,23.583,25.287,1577.77,1577.77,0.0
19.25,-1.741,23.575,25.316,1578.45,1578.45,0.0
19.2667,-1.779,23.567,25.346,1579.12,1579.12,0.0
19.2833,-1.817,23.558,25.375,1579.8,1579.8,0.0
19.3,-1.854,23.55,25.404,1580.47,1580.47,0.0
19.3167,-1.892,23.542,25.434,1581.14,1581.14,0.0
19.3333,-1.93,23.533,25.463,1581.81,1581.81,0.0
19.35,-1.967,23.525,25.492,1582.48,1582.48,0.0
19.3667,-2.005,23.517,25.522,1583.15,1583.15,0.0
19.3833,-2.043,23.508,25.551,1583.82,1583.82,0.0
19.4,-2.081,23.5,25.581,1584.48,1584.48,0.0
19.4167,-2.118,23.492,25.61,1585.15,1585.15,0.0
19.4333,-2.156,23.483,25.64,1585.81,1585.81,0.0
19.45,-2.194,23.475,25.669,1586.47,1586.47,0.0
19.4667,-2.232,23.467,25.699,1587.13,1587.13,0.0
19.4833,-2.27,23.458,25.728,1587.79,1587.79,0.0
19.5,-2.308,23.45,25.758,1588.44,1588.44,0.0
19.5167,-2.345,23.442,25.787,1589.1,1589.1,0.0
19.5333,-2.383,23.433,25.817,1589.76,1589.76,0.0
19.55,-2.421,23.425,25.846,1590.41,1590.41,0.0
19.5667,-2.459,23.417,25.876,1591.06,1591.06,0.0
19.5833,-2.497,23.408,25.905,1591.71,1591.71,0.0
19.6,-2.535,23.4,25.935,1592.36,1592.36,0.0
19.6167,-2.573,23.392,25.964,1593.01,1593.01,0.0
19.6333,-2.611,23.383,25.994,1593.65,1593.65,0.0
19.65,-2.649,23.375,26.024,1594.3,1594.3,0.0
19.6667,-2.687,23.367,26.053,1594.94,1594.94,0.0
19.6833,-2.725,23.358,26.083,1595.59,1595.59,0.0
19.7,-2.763,23.35,26.113,1596.23,1596.23,0.0
19.7167,-2.801,23.342,26.142,1596.87,1596.87,0.0
19.7333,-2.839,23.333,26.172,1597.51,1597.51,0.0
19.75,-2.877,23.325,26.202,1598.14,1598.14,0.0
19.7667,-2.915,23.317,26.231,1598.78,1598.78,0.0
19.7833,-2.953,23.308,26.261,1599.42,1599.42,0.0
19.8,-2.991,23.3,26.291,1600.05,1600.05,0.0
19.8167,-3.029,23.292,26.321,1600.68,1600.68,0.0
19.8333,-3.067,23.283,26.35,1601.31,1601.31,0.0
19.85,-3.105,23.275,26.38,1601.94,1601.94,0.0
19.8667,-3.143,23.267,26.41,1602.57,1602.57,0.0
19.8833,-3.181,23.258,26.44,1603.2,1603.2,0.0
19.9,-3.219,23.25,26.469,1603.82,1603.82,0.0
19.9167,-3.258,23.242,26.499,1604.45,1604.45,0.0
19.9333,-3.296,23.233,26.529,1605.07,1605.07,0.0
19.95,-3.334,23.225,26.559,1605.69,1605.69,0.0
19.9667,-3.372,23.217,26.589,1606.31,1606.31,0.0
19.9833,-3.41,23.208,26.619,1606.93,1606.93,0.0
20.0,-3.448,23.2,26.648,1607.55,1607.55,0.0
20.0167,-3.485,23.193,26.678,1608.14,1608.14,0.0
20.0333,-3.521,23.187,26.708,1608.73,1608.73,0.0
20.05,-3.558,23.18,26.738,1609.32,1609.32,0.0
20.0667,-3.595,23.173,26.768,1609.9,1609.9,0.0
20.0833,-3.631,23.167,26.798,1610.49,1610.49,0.0
20.1,-3.668,23.16,26.828,1611.07,1611.07,0.0
20.1167,-3.704,23.153,26.858,1611.65,1611.65,0.0
20.1333,-3.741,23.147,26.888,1612.24,1612.24,0.0
20.15,-3.778,23.14,26.918,1612.82,1612.82,0.0
20.1667,-3.814,23.133,26.948,1613.4,1613.4,0.0
20.1833,-3.851,23.127,26.978,1613.97,1613.97,0.0
20.2,-3.888,23.12,27.008,1614.55,1614.55,0.0
20.2167,-3.924,23.113,27.038,1615.13,1615.13,0.0
20.2333,-3.961,23.107,27.068,1615.7,1615.7,0.0
20.25,-3.998,23.1,27.098,1616.28,1616.28,0.0
20.2667,-4.034,23.093,27.128,1616.85,1616.85,0.0
20.2833,-4.071,23.087,27.158,1617.42,1617.42,0.0
20.3,-4.108,23.08,27.188,1617.99,1617.99,0.0
20.3167,-4.145,23.073,27.218,1618.56,1618.56,0.0
20.3333,-4.181,23.067,27.248,1619.13,1619.13,0.0
20.35,-4.218,23.06,27.278,1619.69,1619.69,0.0
20.3667,-4.255,23.053,27.308,1620.26,1620.26,0.0
20.3833,-4.292,23.047,27.338,1620.82,1620.82,0.0
20.4,-4.328,23.04,27.368,1621.39,1621.39,0.0
20.4167,-4.365,23.033,27.399,1621.95,1621.95,0.0
20.4333,-4.402,23.027,27.429,1622.51,1622.51,0.0
20.45,-4.439,23.02,27.459,1623.07,1623.07,0.0
20.4667,-4.476,23.013,27.489,1623.63,1623.63,0.0
20.4833,-4.512,23.007,27.519,1624.19,1624.19,0.0
20.5,-4.549,23.0,27.549,1624.74,1624.74,0.0
20.5167,-4.586,22.993,27.58,1625.3,1625.3,0.0
20.5333,-4.623,22.987,27.61,1625.85,1625.85,0.0
20.55,-4.66,22.98,27.64,1626.41,1626.41,0.0
20.5667,-4.697,22.973,27.67,1626.96,1626.96,0.0
20.5833,-4.734,22.967,27.7,1627.51,1627.51,0.0
20.6,-4.771,22.96,27.731,1628.06,1628.06,0.0
20.6167,-4.808,22.953,27.761,1628.61,1628.61,0.0
20.6333,-4.845,22.947,27.791,1629.15,1629.15,0.0
20.65,-4.881,22.94,27.821,1629.7,1629.7,0.0
20.6667,-4.918,22.933,27.852,1630.24,1630.24,0.0
20.6833,-4.955,22.927,27.882,1630.79,1630.79,0.0
20.7,-4.992,22.92,27.912,1631.33,1631.33,0.0
20.7167,-5.0,22.913,27.913,1631.44,1631.44,0.0
20.7333,-5.0,22.907,27.907,1631.44,1631.44,0.0
20.75,-5.0,22.9,27.9,1631.44,1631.44,0.0
20.7667,-5.0,22.893,27.893,1631.44,1631.44,0.0
20.7833,-5.0,22.887,27.887,1631.44,1631.44,0.0
20.8,-5.0,22.88,27.88,1631.44,1631.44,0.0
20.8167,-5.0,22.873,27.873,1631.44,1631.44,0.0
20.8333,-5.0,22.867,27.867,1631.44,1631.44,0.0
20.85,-5.0,22.86,27.86,1631.44,1631.44,0.0
20.8667,-5.0,22.853,27.853,1631.44,1631.44,0.0
20.8833,-5.0,22.847,27.847,1631.44,1631.44,0.0
20.9,-5.0,22.84,27.84,1631.44,1631.44,0.0
20.9167,-5.0,22.833,27.833,1631.44,1631.44,0.0
20.9333,-5.0,22.827,27.827,1631.44,1631.44,0.0
20.95,-5.0,22.82,27.82,1631.44,1631.44,0.0
20.9667,-5.0,22.813,27.813,1631.44,1631.44,0.0
20.9833,-5.0,22.807,27.807,1631.44,1631.44,0.0
21.0,-5.0,22.8,27.8,1631.44,1631.44,0.0
21.0167,-5.0,22.793,27.793,1631.44,1631.44,0.0
21.0333,-5.0,22.787,27.787,1631.44,1631.44,0.0
21.05,-5.0,22.78,27.78,1631.44,1631.44,0.0
21.0667,-5.0,22.773,27.773,1631.44,1631.44,0.0
21.0833,-5.0,22.767,27.767,1631.44,1631.44,0.0
21.1,-5.0,22.76,27.76,1631.44,1631.44,0.0
21.1167,-5.0,22.753,27.753,1631.44,1631.44,0.0
21.1333,-5.0,22.747,27.747,1631.44,1631.44,0.0
21.15,-5.0,22.74,27.74,1631.44,1631.44,0.0
21.1667,-5.0,22.733,27.733,1631.44,1631.44,0.0
21.1833,-5.0,22.727,27.727,1631.44,1631.44,0.0
21.2,-5.0,22.72,27.72,1631.44,1631.44,0.0
21.2167,-5.0,22.713,27.713,1631.44,1631.44,0.0
21.2333,-5.0,22.707,27.707,1631.44,1631.44,0.0
21.25,-5.0,22.7,27.7,1631.44,1631.44,0.0
21.2667,-5.0,22.693,27.693,1631.44,1631.44,0.0
21.2833,-5.0,22.687,27.687,1631.44,1631.44,0.0
21.3,-5.0,22.68,27.68,1631.44,1631.44,0.0
21.3167,-5.0,22.673,27.673,1631.44,1631.44,0.0
21.3333,-5.0,22.667,27.667,1631.44,1631.44,0.0
21.35,-5.0,22.66,27.66,1631.44,1631.44,0.0
21.3667,-5.0,22.653,27.653,1631.44,1631.44,0.0
21.3833,-5.0,22.647,27.647,1631.44,1631.44,0.0
21.4,-5.0,22.64,27.64,1631.44,1631.44,0.0
21.4167,-5.0,22.633,27.633,1631.44,1631.44,0.0
21.4333,-5.0,22.627,27.627,1631.44,1631.44,0.0
21.45,-5.0,22.62,27.62,1631.44,1631.44,0.0
21.4667,-5.0,22.613,27.613,1631.44,1631.44,0.0
21.4833,-5.0,22.607,27.607,1631.44,1631.44,0.0
21.5,-5.0,22.6,27.6,1631.44,1631.44,0.0
21.5167,-5.0,22.593,27.593,1631.44,1631.44,0.0
21.5333,-5.0,22.587,27.587,1631.44,1631.44,0.0
21.55,-5.0,22.58,27.58,1631.44,1631.44,0.0
21.5667,-5.0,22.573,27.573,1631.44,1631.44,0.0
21.5833,-5.0,22.567,27.567,1631.44,1631.44,0.0
21.6,-5.0,22.56,27.56,1631.44,1631.44,0.0
21.6167,-5.0,22.553,27.553,1631.44,1631.44,0.0
21.6333,-5.0,22.547,27.547,1631.44,1631.44,0.0
21.65,-5.0,22.54,27.54,1631.44,1631.44,0.0
21.6667,-5.0,22.533,27.533,1631.44,1631.44,0.0
21.6833,-5.0,22.527,27.527,1631.44,1631.44,0.0
21.7,-5.0,22.52,27.52,1631.44,1631.44,0.0
21.7167,-5.0,22.513,27.513,1631.44,1631.44,0.0
21.7333,-5.0,22.507,27.507,1631.44,1631.44,0.0
21.75,-5.0,22.5,27.5,1631.44,1631.44,0.0
21.7667,-5.0,22.493,27.493,1631.44,1631.44,0.0
21.7833,-5.0,22.487,27.487,1631.44,1631.44,0.0
21.8,-5.0,22.48,27.48,1631.44,1631.44,0.0
21.8167,-5.0,22.473,27.473,1631.44,1631.44,0.0
21.8333,-5.0,22.467,27.467,1631.44,1631.44,0.0
21.85,-5.0,22.46,27.46,1631.44,1631.44,0.0
21.8667,-5.0,22.453,27.453,1631.44,1631.44,0.0
21.8833,-5.0,22.447,27.447,1631.44,1631.44,0.0
21.9,-5.0,22.44,27.44,1631.44,1631.44,0.0
21.9167,-5.0,22.433,27.433,1631.44,1631.44,0.0
21.9333,-5.0,22.427,27.427,1631.44,1631.44,0.0
21.95,-5.0,22.42,27.42,1631.44,1631.44,0.0
21.9667,-5.0,22.413,27.413,1631.44,1631.44,0.0
21.9833,-5.0,22.407,27.407,1631.44,1631.44,0.0
22.0,-5.0,22.4,27.4,1631.44,1631.44,0.0
22.0167,-5.0,22.395,27.395,1631.44,1631.44,0.0
22.0333,-5.0,22.39,27.39,1631.44,1631.44,0.0
22.05,-5.0,22.385,27.385,1631.44,1631.44,0.0
22.0667,-5.0,22.38,27.38,1631.44,1631.44,0.0
22.0833,-5.0,22.375,27.375,1631.44,1631.44,0.0
22.1,-5.0,22.37,27.37,1631.44,1631.44,0.0
22.1167,-5.0,22.365,27.365,1631.44,1631.44,0.0
22.1333,-5.0,22.36,27.36,1631.44,1631.44,0.0
22.15,-5.0,22.355,27.355,1631.44,1631.44,0.0
22.1667,-5.0,22.35,27.35,1631.44,1631.44,0.0
22.1833,-5.0,22.345,27.345,1631.44,1631.44,0.0
22.2,-5.0,22.34,27.34,1631.44,1631.44,0.0
22.2167,-5.0,22.335,27.335,1631.44,1631.44,0.0
22.2333,-5.0,22.33,27.33,1631.44,1631.44,0.0
22.25,-5.0,22.325,27.325,1631.44,1631.44,0.0
22.2667,-5.0,22.32,27.32,1631.44,1631.44,0.0
22.2833,-5.0,22.315,27.315,1631.44,1631.44,0.0
22.3,-5.0,22.31,27.31,1631.44,1631.44,0.0
22.3167,-5.0,22.305,27.305,1631.44,1631.44,0.0
22.3333,-5.0,22.3,27.3,1631.44,1631.44,0.0
22.35,-5.0,22.295,27.295,1631.44,1631.44,0.0
22.3667,-5.0,22.29,27.29,1631.44,1631.44,0.0
22.3833,-5.0,22.285,27.285,1631.44,1631.44,0.0
22.4,-5.0,22.28,27.28,1631.44,1631.44,0.0
22.4167,-5.0,22.275,27.275,1631.44,1631.44,0.0
22.4333,-5.0,22.27,27.27,1631.44,1631.44,0.0
22.45,-5.0,22.265,27.265,1631.44,1631.44,0.0
22.4667,-5.0,22.26,27.26,1631.44,1631.44,0.0
22.4833,-5.0,22.255,27.255,1631.44,1631.44,0.0
22.5,-5.0,22.25,27.25,1631.44,1631.44,0.0
22.5167,-5.0,22.245,27.245,1631.44,1631.44,0.0
22.5333,-5.0,22.24,27.24,1631.44,1631.44,0.0
22.55,-5.0,22.235,27.235,1631.44,1631.44,0.0
22.5667,-5.0,22.23,27.23,1631.44,1631.44,0.0
22.5833,-5.0,22.225,27.225,1631.44,1631.44,0.0
22.6,-5.0,22.22,27.22,1631.44,1631.44,0.0
22.6167,-5.0,22.215,27.215,1631.44,1631.44,0.0
22.6333,-5.0,22.21,27.21,1631.44,1631.44,0.0
22.65,-5.0,22.205,27.205,1631.44,1631.44,0.0
22.6667,-5.0,22.2,27.2,1631.44,1631.44,0.0
22.6833,-5.0,22.195,27.195,1631.44,1631.44,0.0
22.7,-5.0,22.19,27.19,1631.44,1631.44,0.0
22.7167,-5.0,22.185,27.185,1631.44,1631.44,0.0
22.7333,-5.0,22.18,27.18,1631.44,1631.44,0.0
22.75,-5.0,22.175,27.175,1631.44,1631.44,0.0
22.7667,-5.0,22.17,27.17,1631.44,1631.44,0.0
22.7833,-5.0,22.165,27.165,1631.44,1631.44,0.0
22.8,-5.0,22.16,27.16,1631.44,1631.44,0.0
22.8167,-5.0,22.155,27.155,1631.44,1631.44,0.0
22.8333,-5.0,22.15,27.15,1631.44,1631.44,0.0
22.85,-5.0,22.145,27.145,1631.44,1631.44,0.0
22.8667,-5.0,22.14,27.14,1631.44,1631.44,0.0
22.8833,-5.0,22.135,27.135,1631.44,1631.44,0.0
22.9,-5.0,22.13,27.13,1631.44,1631.44,0.0
22.9167,-5.0,22.125,27.125,1631.44,1631.44,0.0
22.9333,-5.0,22.12,27.12,1631.44,1631.44,0.0
22.95,-5.0,22.115,27.115,1631.44,1631.44,0.0
22.9667,-5.0,22.11,27.11,1631.44,1631.44,0.0
22.9833,-5.0,22.105,27.105,1631.44,1631.44,0.0
23.0,-5.0,22.1,27.1,1631.44,1631.44,0.0
23.0167,-5.0,22.098,27.098,1631.44,1631.44,0.0
23.0333,-5.0,22.097,27.097,1631.44,1631.44,0.0
23.05,-5.0,22.095,27.095,1631.44,1631.44,0.0
23.0667,-5.0,22.093,27.093,1631.44,1631.44,0.0
23.0833,-5.0,22.092,27.092,1631.44,1631.44,0.0
23.1,-5.0,22.09,27.09,1631.44,1631.44,0.0
23.1167,-5.0,22.088,27.088,1631.44,1631.44,0.0
23.1333,-5.0,22.087,27.087,1631.44,1631.44,0.0
23.15,-5.0,22.085,27.085,1631.44,1631.44,0.0
23.1667,-5.0,22.083,27.083,1631.44,1631.44,0.0
23.1833,-5.0,22.082,27.082,1631.44,1631.44,0.0
23.2,-5.0,22.08,27.08,1631.44,1631.44,0.0
23.2167,-5.0,22.078,27.078,1631.44,1631.44,0.0
23.2333,-5.0,22.077,27.077,1631.44,1631.44,0.0
23.25,-5.0,22.075,27.075,1631.44,1631.44,0.0
23.2667,-5.0,22.073,27.073,1631.44,1631.44,0.0
23.2833,-5.0,22.072,27.072,1631.44,1631.44,0.0
23.3,-5.0,22.07,27.07,1631.44,1631.44,0.0
23.3167,-5.0,22.068,27.068,1631.44,1631.44,0.0
23.3333,-5.0,22.067,27.067,1631.44,1631.44,0.0
23.35,-5.0,22.065,27.065,1631.44,1631.44,0.0
23.3667,-5.0,22.063,27.063,1631.44,1631.44,0.0
23.3833,-5.0,22.062,27.062,1631.44,1631.44,0.0
23.4,-5.0,22.06,27.06,1631.44,1631.44,0.0
23.4167,-5.0,22.058,27.058,1631.44,1631.44,0.0
23.4333,-5.0,22.057,27.057,1631.44,1631.44,0.0
23.45,-5.0,22.055,27.055,1631.44,1631.44,0.0
23.4667,-5.0,22.053,27.053,1631.44,1631.44,0.0
23.4833,-5.0,22.052,27.052,1631.44,1631.44,0.0
23.5,-5.0,22.05,27.05,1631.44,1631.44,0.0
23.5167,-5.0,22.048,27.048,1631.44,1631.44,0.0
23.5333,-5.0,22.047,27.047,1631.44,1631.44,0.0
23.55,-5.0,22.045,27.045,1631.44,1631.44,0.0
23.5667,-5.0,22.043,27.043,1631.44,1631.44,0.0
23.5833,-5.0,22.042,27.042,1631.44,1631.44,0.0
23.6,-5.0,22.04,27.04,1631.44,1631.44,0.0
23.6167,-5.0,22.038,27.038,1631.44,1631.44,0.0
23.6333,-5.0,22.037,27.037,1631.44,1631.44,0.0
23.65,-5.0,22.035,27.035,1631.44,1631.44,0.0
23.6667,-5.0,22.033,27.033,1631.44,1631.44,0.0
23.6833,-5.0,22.032,27.032,1631.44,1631.44,0.0
23.7,-5.0,22.03,27.03,1631.44,1631.44,0.0
23.7167,-5.0,22.028,27.028,1631.44,1631.44,0.0
23.7333,-5.0,22.027,27.027,1631.44,1631.44,0.0
23.75,-5.0,22.025,27.025,1631.44,1631.44,0.0
23.7667,-5.0,22.023,27.023,1631.44,1631.44,0.0
23.7833,-5.0,22.022,27.022,1631.44,1631.44,0.0
23.8,-5.0,22.02,27.02,1631.44,1631.44,0.0
23.8167,-5.0,22.018,27.018,1631.44,1631.44,0.0
23.8333,-5.0,22.017,27.017,1631.44,1631.44,0.0
23.85,-5.0,22.015,27.015,1631.44,1631.44,0.0
23.8667,-5.0,22.013,27.013,1631.44,1631.44,0.0
23.8833,-5.0,22.012,27.012,1631.44,1631.44,0.0
23.9,-5.0,22.01,27.01,1631.44,1631.44,0.0
23.9167,-5.0,22.008,27.008,1631.44,1631.44,0.0
23.9333,-5.0,22.007,27.007,1631.44,1631.44,0.0
23.95,-5.0,22.005,27.005,1631.44,1631.44,0.0
23.9667,-5.0,22.003,27.003,1631.44,1631.44,0.0
23.9833,-5.0,22.002,27.002,1631.44,1631.44,0.0
