date,hour,power,power_glass
2024-03-21,6,,
2024-03-21,7,237.45942634080592,26.191502643868347
2024-03-21,8,172.9994471525828,24.097139079410667
2024-03-21,9,145.09164513618595,22.853306424383437
2024-03-21,10,200.27501439609097,32.23742345046694
2024-03-21,11,218.96111484073117,33.29853535916074
2024-03-21,12,195.99388666869976,30.5970559257226
2024-03-21,13,143.59484694789845,24.359057903745118
2024-03-21,14,75.34931976279137,15.088492188901554
2024-03-21,15,31.082538644504524,7.727902067557674
2024-03-21,16,9.865865141564537,2.853102410926686
2024-03-21,17,3.347402583562196,0.8161828852660064
2024-03-21,18,0.0,0.0
2024-03-21,19,,
2024-03-21,20,,
2024-03-21,21,,
2024-03-22,6,,
2024-03-22,7,374.0338661999754,40.50000422550543
2024-03-22,8,347.9890438022199,41.66397804896052
2024-03-22,9,318.2783006878808,39.88602906968442
2024-03-22,10,289.30468608120043,37.671680522482745
2024-03-22,11,245.9789789995437,34.37218727724116
2024-03-22,12,201.72641630575956,30.083593786992093
2024-03-22,13,141.070857640997,23.416777188996615
2024-03-22,14,89.6852742551315,17.09537017821812
2024-03-22,15,43.93770202473716,8.696154253086398
2024-03-22,16,9.728425661179251,3.242402801538219
2024-03-22,17,3.05664782603039,0.8578651367298616
2024-03-22,18,0.0,0.0
2024-03-22,19,,
2024-03-22,20,,
2024-03-22,21,,
2024-03-23,6,,
2024-03-23,7,470.2999372080848,52.1765324888182
2024-03-23,8,379.20548992566626,46.74844248664152
2024-03-23,9,356.07835325822475,45.12587035347342
2024-03-23,10,332.54474086871033,43.140674444753635
2024-03-23,11,294.44712236319646,39.26293731585542
2024-03-23,12,251.4634955338293,35.0050533859001
2024-03-23,13,188.8889054909061,28.106775254378288
2024-03-23,14,122.14123123068481,19.683729663474168
2024-03-23,15,51.01935451392457,9.092211129955118
2024-03-23,16,7.645759080660374,2.2101134651310415
2024-03-23,17,3.7932620670107937,1.0452411257486074
2024-03-23,18,0.0,0.0
2024-03-23,19,,
2024-03-23,20,,
2024-03-23,21,,
2024-03-24,6,,
2024-03-24,7,190.44649396639574,22.101650411107045
2024-03-24,8,0.0,0.0
2024-03-24,9,54.291572606799065,8.395814572920951
2024-03-24,10,54.871490071796664,9.24358967626247
2024-03-24,11,56.38672091916297,10.145677645783671
2024-03-24,12,64.95738201290557,12.499910154252454
2024-03-24,13,26.230310478152568,5.407742008567611
2024-03-24,14,16.430187077898797,3.733036810266495
2024-03-24,15,21.755556189844093,5.738955432064509
2024-03-24,16,11.732429463917356,3.346930148633163
2024-03-24,17,4.050932810703847,1.1790442356517536
2024-03-24,18,0.0,0.0
2024-03-24,19,0.0,0.0
2024-03-24,20,,
2024-03-24,21,,
2024-03-25,6,,
2024-03-25,7,160.51867325862193,19.214480835240458
2024-03-25,8,79.15247103642027,11.428734176422497
2024-03-25,9,162.3724382297095,25.55683366466983
2024-03-25,10,172.36970659246794,28.991310237198647
2024-03-25,11,173.1392680557542,29.304766971029544
2024-03-25,12,130.69321268446512,24.43809187795155
2024-03-25,13,143.0340019190588,24.799221406013444
2024-03-25,14,75.1721981408237,16.326445348895852
2024-03-25,15,24.386148271850104,7.26415243177182
2024-03-25,16,6.7515557674178615,2.2895574244887764
2024-03-25,17,2.3021972886738595,0.7022606651195579
2024-03-25,18,0.0,0.0
2024-03-25,19,0.0,0.0
2024-03-25,20,,
2024-03-25,21,,
2024-03-26,6,,
2024-03-26,7,163.4689845018205,19.23842376916722
2024-03-26,8,69.39833074655809,9.658474599368601
2024-03-26,9,156.73560282220882,23.129398591635347
2024-03-26,10,127.12794137761652,20.469652021380057
2024-03-26,11,168.6952556061628,27.053741853364087
2024-03-26,12,172.36801905743542,27.232832380730926
2024-03-26,13,51.748472825088065,10.433170033172338
2024-03-26,14,56.27075134749969,12.766967082628708
2024-03-26,15,15.38971951719691,4.419092503737927
2024-03-26,16,10.431473098232317,3.302155653101689
2024-03-26,17,3.885865429030584,1.1331354356466619
2024-03-26,18,0.0,0.0
2024-03-26,19,0.0,0.0
2024-03-26,20,,
2024-03-26,21,,
2024-03-27,6,,
2024-03-27,7,126.27680007286042,15.442618863987072
2024-03-27,8,138.5184754080442,20.016372186827518
2024-03-27,9,335.5456253542952,43.00839882002972
2024-03-27,10,251.76702089305215,37.0038950794117
2024-03-27,11,161.13565565893688,27.593844445950644
2024-03-27,12,182.0708510419031,29.739336881238913
2024-03-27,13,25.603582853302385,5.55165913879131
2024-03-27,14,14.02954147674719,3.6218849222120717
2024-03-27,15,41.64161377923503,9.642802464607353
2024-03-27,16,3.907492414010054,1.3705291725460558
2024-03-27,17,3.6676734017511246,1.2578661193862006
2024-03-27,18,0.0,0.0
2024-03-27,19,0.0,0.0
2024-03-27,20,,
2024-03-27,21,,
2024-03-28,6,,
2024-03-28,7,339.0058108283147,39.51806849583731
2024-03-28,8,201.05364826002545,27.690606770692163
2024-03-28,9,113.74231863930231,17.89444834254356
2024-03-28,10,55.578050537005716,9.577906722180272
2024-03-28,11,157.09473510212928,27.273784888377037
2024-03-28,12,35.07771844629683,7.025060435572295
2024-03-28,13,192.30399123567915,28.665839407219565
2024-03-28,14,64.17529290492226,13.254766431817902
2024-03-28,15,43.38607132983365,8.952609072601668
2024-03-28,16,13.289591075854855,3.5804780736774213
2024-03-28,17,5.189091662454039,1.3118458430690196
2024-03-28,18,0.0,0.0
2024-03-28,19,0.0,0.0
2024-03-28,20,,
2024-03-28,21,,
2024-03-29,6,,
2024-03-29,7,192.14214276938623,23.59538999653827
2024-03-29,8,208.4873947600605,29.039643205914686
2024-03-29,9,183.44055639009457,28.273860567589868
2024-03-29,10,207.8117510409039,32.95525856462352
2024-03-29,11,73.9230362960234,14.57640922431212
2024-03-29,12,52.71598814365743,11.276546564250221
2024-03-29,13,30.617346263643636,7.131968334237044
2024-03-29,14,44.95387747396348,11.657053871908342
2024-03-29,15,24.53848266496237,7.707940480272647
2024-03-29,16,0.0,0.0
2024-03-29,17,4.496372222711432,1.5364217670303404
2024-03-29,18,0.0,0.0
2024-03-29,19,0.0,0.0
2024-03-29,20,,
2024-03-29,21,,
2024-03-30,6,,
2024-03-30,7,144.20047007176694,17.74952949595985
2024-03-30,8,79.43881531440796,11.417816733706491
2024-03-30,9,123.76626174393833,19.460144297120827
2024-03-30,10,67.18828408555756,11.659763701570345
2024-03-30,11,77.89161864811156,15.174953009833429
2024-03-30,12,87.01156745133837,18.074550817468776
2024-03-30,13,70.46867741775694,15.801336066941246
2024-03-30,14,37.343484057294546,9.270361976281517
2024-03-30,15,13.322613543634704,3.9808196497962824
2024-03-30,16,5.789044656887727,1.9309150239815587
2024-03-30,17,3.642379471159493,1.135128859724352
2024-03-30,18,0.0,0.0
2024-03-30,19,0.0,0.0
2024-03-30,20,,
2024-03-30,21,,
2024-03-31,6,,
2024-03-31,7,,
2024-03-31,8,221.76434328483126,27.378172615054343
2024-03-31,9,118.62991476452952,16.720405022880627
2024-03-31,10,64.76051984419641,9.936133906001558
2024-03-31,11,135.88155531224078,24.215890322035104
2024-03-31,12,192.57294201163097,32.46198577397619
2024-03-31,13,55.80161117144347,11.997271403316478
2024-03-31,14,56.003540348262575,13.75786763276761
2024-03-31,15,18.8827390239216,5.318065709251925
2024-03-31,16,22.14796866175337,6.825732904170004
2024-03-31,17,4.173850458403133,1.5403307649581768
2024-03-31,18,0.0,0.0
2024-03-31,19,0.0,0.0
2024-03-31,20,0.0,0.0
2024-03-31,21,,
2024-04-01,6,,
2024-04-01,7,,
2024-04-01,8,185.43155961934767,23.518930054408646
2024-04-01,9,69.0956572280393,10.17146486059746
2024-04-01,10,187.27773852975275,29.749548166660553
2024-04-01,11,234.1473331729191,36.49471677861807
2024-04-01,12,92.00349288726844,17.57993018325041
2024-04-01,13,44.70615948148894,9.253312330269146
2024-04-01,14,42.93941145805401,9.51186285405564
2024-04-01,15,10.063483884930195,2.461252359928075
2024-04-01,16,11.222668086430932,3.2648802334191824
2024-04-01,17,3.2098209496727,0.994753730504726
2024-04-01,18,0.0,0.0
2024-04-01,19,0.0,0.0
2024-04-01,20,0.0,0.0
2024-04-01,21,,
2024-04-02,6,,
2024-04-02,7,,
2024-04-02,8,588.8405758904723,70.12224536784183
2024-04-02,9,452.3849943523131,57.19918711810084
2024-04-02,10,390.9186463452686,50.24261708140085
2024-04-02,11,237.87985734628666,36.15846075981235
2024-04-02,12,224.19888230187811,34.28194205625034
2024-04-02,13,188.52680533830022,29.442195658556752
2024-04-02,14,157.54193050855733,24.970088873686425
2024-04-02,15,109.36241651300101,18.036539897987208
2024-04-02,16,43.75431719942727,8.195861792053538
2024-04-02,17,5.191633260361806,1.589183141273416
2024-04-02,18,0.0,0.0
2024-04-02,19,0.0,0.0
2024-04-02,20,0.0,0.0
2024-04-02,21,,
2024-04-03,6,,
2024-04-03,7,,
2024-04-03,8,194.4617065930027,24.873227918964137
2024-04-03,9,115.58344957530684,17.008139118210224
2024-04-03,10,83.77890901189137,13.664417843121138
2024-04-03,11,65.12593364128378,11.760359530359974
2024-04-03,12,88.68609335185538,17.321134344908643
2024-04-03,13,150.46809058606607,27.1971792580804
2024-04-03,14,185.66850228192285,28.100939249061433
2024-04-03,15,110.90605608012876,18.78201908413249
2024-04-03,16,43.73628957414854,8.621322432129084
2024-04-03,17,5.102658742813758,1.799472324669458
2024-04-03,18,0.0,0.0
2024-04-03,19,0.0,0.0
2024-04-03,20,0.0,0.0
2024-04-03,21,,
2024-04-04,6,,
2024-04-04,7,,
2024-04-04,8,550.3266977162607,66.09634009231883
2024-04-04,9,437.55311228953474,55.47665963057861
2024-04-04,10,380.4674890143411,49.10812120586207
2024-04-04,11,278.75540264309404,39.03163556696322
2024-04-04,12,261.7631195876089,36.15346352069452
2024-04-04,13,202.87896460226904,29.813526107925842
2024-04-04,14,135.09444217556458,22.416332106824438
2024-04-04,15,60.065700546882965,12.259239002798154
2024-04-04,16,42.74913569571634,7.967552226428921
2024-04-04,17,6.507931273763709,1.8635784095004981
2024-04-04,18,0.0,0.0
2024-04-04,19,0.0,0.0
2024-04-04,20,0.0,0.0
2024-04-04,21,,
2024-04-05,6,,
2024-04-05,7,,
2024-04-05,8,105.39228710080556,13.535693533984752
2024-04-05,9,188.02021230476748,27.070048102300547
2024-04-05,10,255.1021070101207,37.00777077416776
2024-04-05,11,255.3681853359223,37.76192733708355
2024-04-05,12,202.163436157916,32.36325409075623
2024-04-05,13,138.62187140003584,24.90730139055101
2024-04-05,14,109.2968040555461,20.66380239962603
2024-04-05,15,64.86823025381028,13.68422096614456
2024-04-05,16,15.157105390604034,4.330117060731055
2024-04-05,17,4.957391820297829,1.4682291688111755
2024-04-05,18,0.0,0.0
2024-04-05,19,0.0,0.0
2024-04-05,20,0.0,0.0
2024-04-05,21,,
2024-04-06,6,,
2024-04-06,7,,
2024-04-06,8,179.23021693862637,23.497302628731173
2024-04-06,9,128.90014951968772,19.35655025363156
2024-04-06,10,98.17191774115327,16.364810862902765
2024-04-06,11,142.36158636197678,23.773404024782998
2024-04-06,12,84.92904304769789,15.429256596491982
2024-04-06,13,87.17177263114662,16.547438070714
2024-04-06,14,74.46272488791163,13.95856647489604
2024-04-06,15,69.08414904981963,12.64831846496056
2024-04-06,16,32.00067451696483,6.316547045945753
2024-04-06,17,7.289282111360927,1.9118121724660344
2024-04-06,18,0.0,0.0
2024-04-06,19,0.0,0.0
2024-04-06,20,0.0,0.0
2024-04-06,21,,
2024-04-07,6,,
2024-04-07,7,,
2024-04-07,8,491.9245134317396,59.66634580362931
2024-04-07,9,228.4958648035812,32.2867580724037
2024-04-07,10,147.9892799378392,23.267301868427374
2024-04-07,11,82.15257082820997,14.594716101688437
2024-04-07,12,55.123372331342495,10.54692421636971
2024-04-07,13,45.33465290212799,9.302022773499257
2024-04-07,14,53.1598642988562,10.440056578131804
2024-04-07,15,54.2658213947722,10.716473087749707
2024-04-07,16,26.65679800946558,5.781920460492534
2024-04-07,17,8.493056092475745,1.6992911774240593
2024-04-07,18,0.0,0.0
2024-04-07,19,0.0,0.0
2024-04-07,20,0.0,0.0
2024-04-07,21,,
2024-04-08,6,,
2024-04-08,7,,
2024-04-08,8,398.0100170985825,49.06174344102957
2024-04-08,9,383.70304417273474,49.20371685340896
2024-04-08,10,378.2077495712083,48.47021368976165
2024-04-08,11,341.54979975125985,44.18146084212985
2024-04-08,12,295.05361249944895,39.12669249904761
2024-04-08,13,254.9019104909882,34.97610838347391
2024-04-08,14,200.75108148555722,29.200838490869902
2024-04-08,15,119.02566176168034,18.967856677329795
2024-04-08,16,48.028090274422226,8.740987026516942
2024-04-08,17,6.452401770030872,2.130445286859395
2024-04-08,18,0.0,0.0
2024-04-08,19,0.0,0.0
2024-04-08,20,0.0,0.0
2024-04-08,21,,
2024-04-09,6,,
2024-04-09,7,,
2024-04-09,8,555.3967193628012,69.0870007857813
2024-04-09,9,443.5939609756637,57.39648766347307
2024-04-09,10,409.36631081309116,53.230541524415045
2024-04-09,11,359.4476778453945,47.12238204937375
2024-04-09,12,296.9272422593111,40.04976009923609
2024-04-09,13,246.53021328148927,34.595579192113604
2024-04-09,14,203.54081580041947,29.64163844060016
2024-04-09,15,123.5155380815953,19.81344813438756
2024-04-09,16,50.98730956897603,9.267194909644987
2024-04-09,17,6.841002722586358,1.9948840373507057
2024-04-09,18,0.1825404090161234,0.05151161028435642
2024-04-09,19,0.0,0.0
2024-04-09,20,0.0,0.0
2024-04-09,21,,
2024-04-10,6,,
2024-04-10,7,103.3153522060012,10.54357799141416
2024-04-10,8,240.63641358563643,32.36663827882001
2024-04-10,9,107.19326602235788,16.567647831790516
2024-04-10,10,54.498994169398145,9.3727463494813
2024-04-10,11,137.5542193029852,25.472046350753978
2024-04-10,12,146.7430771169912,28.3539158148988
2024-04-10,13,107.14875065222684,22.684597885861866
2024-04-10,14,76.6246864746567,17.660032920812696
2024-04-10,15,64.9878311209578,15.154840684015408
2024-04-10,16,31.33872929146016,8.370647531270862
2024-04-10,17,6.678203290955561,2.417728657887775
2024-04-10,18,0.2508659243645335,0.09053958369483307
2024-04-10,19,0.0,0.0
2024-04-10,20,0.0,0.0
2024-04-10,21,,
2024-04-11,6,,
2024-04-11,7,106.47991369723333,12.205745051514052
2024-04-11,8,286.8200918721907,36.7523032756912
2024-04-11,9,405.34408900227214,51.33086319852532
2024-04-11,10,347.9928953935257,45.37711765520007
2024-04-11,11,156.7915054192096,26.63283612430932
2024-04-11,12,183.0660526522023,30.467082277189196
2024-04-11,13,21.1819638172245,4.2812343101606105
2024-04-11,14,104.1033903489526,20.10785624574535
2024-04-11,15,57.542888243113865,12.657253999867349
2024-04-11,16,37.168368529045544,8.074893039829961
2024-04-11,17,7.736898538233279,2.3526931650214915
2024-04-11,18,0.3547405994757194,0.10331125374027905
2024-04-11,19,0.0,0.0
2024-04-11,20,0.0,0.0
2024-04-11,21,,
2024-04-12,6,,
2024-04-12,7,427.7182204480619,43.73082003358438
2024-04-12,8,271.38731291070906,35.60308546291384
2024-04-12,9,221.56022786034453,32.196593675751075
2024-04-12,10,185.2309580059882,29.419398154030183
2024-04-12,11,138.3685926778026,23.97103557423755
2024-04-12,12,106.05145304215986,19.814490116342327
2024-04-12,13,87.01777934604895,17.260945669791383
2024-04-12,14,70.96117050974317,15.350091533638423
2024-04-12,15,38.64500841905624,9.323074944679915
2024-04-12,16,12.46445147389137,3.5553740464263153
2024-04-12,17,4.630368355044093,1.5681287681863685
2024-04-12,18,0.17588291729647254,0.05510972058484149
2024-04-12,19,0.0,0.0
2024-04-12,20,0.0,0.0
2024-04-12,21,,
2024-04-13,6,,
2024-04-13,7,839.2679280680869,84.62866546177918
2024-04-13,8,253.51320283524524,34.8328250085262
2024-04-13,9,227.31112486617656,34.94580146097573
2024-04-13,10,246.40744644718558,39.56219298836162
2024-04-13,11,247.58405193231556,38.68908932091271
2024-04-13,12,152.4694026109488,28.48970432310928
2024-04-13,13,166.5145812675591,29.49357049586142
2024-04-13,14,164.57097019665497,26.69894805748278
2024-04-13,15,107.20104178753976,18.91689504593331
2024-04-13,16,50.404930206358294,9.753191751392432
2024-04-13,17,6.9131267510425385,2.170484841991042
2024-04-13,18,0.9404864805153197,0.3037249850984082
2024-04-13,19,0.0,0.0
2024-04-13,20,0.0,0.0
2024-04-13,21,,
2024-04-14,6,,
2024-04-14,7,132.3184739650581,15.028012886315182
2024-04-14,8,187.87051153371857,25.19609801784037
2024-04-14,9,140.19711797015907,20.889434317610995
2024-04-14,10,99.62958028454025,16.132778280570903
2024-04-14,11,34.38337381008446,5.94392698766184
2024-04-14,12,42.35494806601521,7.756472545171698
2024-04-14,13,60.987908504813014,11.769916460069751
2024-04-14,14,39.18788403728961,7.637967429202213
2024-04-14,15,64.31397705487667,12.189508539401404
2024-04-14,16,27.309709720725746,5.8133836258013565
2024-04-14,17,10.160194523529759,2.071243388786505
2024-04-14,18,1.4855730160015268,0.27901384248142835
2024-04-14,19,0.0,0.0
2024-04-14,20,0.0,0.0
2024-04-14,21,,
2024-04-15,6,,
2024-04-15,7,169.45220954526695,18.179023535139066
2024-04-15,8,150.0029433139248,20.710775602564354
2024-04-15,9,182.60151019661222,27.983624165342338
2024-04-15,10,54.728971019212075,9.393355942672208
2024-04-15,11,83.33583025784674,15.90541947854862
2024-04-15,12,138.6377356482082,27.273659072318317
2024-04-15,13,87.97486306084264,19.325496255582088
2024-04-15,14,33.55605268369325,7.48143031574333
2024-04-15,15,56.74339261843694,12.900371664814024
2024-04-15,16,26.45937422268196,7.057744066585672
2024-04-15,17,8.773503392631083,2.6265384874337196
2024-04-15,18,1.3870795818487447,0.4189721161396726
2024-04-15,19,0.0,0.0
2024-04-15,20,0.0,0.0
2024-04-15,21,,
2024-04-16,6,,
2024-04-16,7,355.42031007732834,38.49247490692164
2024-04-16,8,249.54667129354004,33.673648181394995
2024-04-16,9,200.8238325788959,30.06291461787807
2024-04-16,10,261.8339035818113,39.474532222298265
2024-04-16,11,177.11377201033218,29.86305539997
2024-04-16,12,197.9765021448232,32.75306745308802
2024-04-16,13,151.71193204023692,26.98911944796362
2024-04-16,14,85.23990820257067,17.91322671278375
2024-04-16,15,57.6653522718366,13.058015716107077
2024-04-16,16,27.87844463408879,7.316155733916131
2024-04-16,17,3.961638578600862,1.2992897838430006
2024-04-16,18,0.17936066244750715,0.055060117867514795
2024-04-16,19,0.0,0.0
2024-04-16,20,0.0,0.0
2024-04-16,21,,
2024-04-17,6,,
2024-04-17,7,326.2773744273539,36.37222495901223
2024-04-17,8,320.2624442041678,42.76664103540316
2024-04-17,9,183.59188663894344,27.870820660775752
2024-04-17,10,154.41349817947028,25.661062232667717
2024-04-17,11,224.68654351267213,36.92869467752116
2024-04-17,12,252.07127000895437,38.68179913526116
2024-04-17,13,181.17350038207343,31.160253916298977
2024-04-17,14,173.84484457101672,27.529213992593725
2024-04-17,15,110.53792834925662,19.247427636271198
2024-04-17,16,49.33788155349739,9.846732559517978
2024-04-17,17,9.981584159527715,3.119202806335268
2024-04-17,18,1.746086580090325,0.5329052620347229
2024-04-17,19,0.0,0.0
2024-04-17,20,0.0,0.0
2024-04-17,21,,
2024-04-18,6,,
2024-04-18,7,710.7236209844477,79.28621768634952
2024-04-18,8,305.63671100085827,41.81238069843227
2024-04-18,9,370.41522279214087,51.21828385138262
2024-04-18,10,249.05867605273008,39.784129961289196
2024-04-18,11,162.69848419127953,29.13103242627893
2024-04-18,12,130.33697350689852,25.28686249301423
2024-04-18,13,202.57998967897015,33.268762388957015
2024-04-18,14,174.08852057154385,28.345672951158477
2024-04-18,15,62.63358538807084,14.896685528224745
2024-04-18,16,61.93070988541655,11.236005326787136
2024-04-18,17,8.385773085116544,2.530941839324684
2024-04-18,18,1.6887883356498579,0.575269327381595
2024-04-18,19,0.0,0.0
2024-04-18,20,0.0,0.0
2024-04-18,21,,
2024-04-19,6,,
2024-04-19,7,753.9955436709445,84.76666216611277
2024-04-19,8,508.3493030340637,64.79724454248324
2024-04-19,9,436.5565284803011,56.859577683193606
2024-04-19,10,317.2461676027332,46.045709611397314
2024-04-19,11,200.49444106809983,34.24524782075686
2024-04-19,12,186.9774219250046,33.091843462511235
2024-04-19,13,117.77310602240266,23.83169752708143
2024-04-19,14,137.47116828925417,24.512579039347738
2024-04-19,15,81.68573835283108,16.400531865720204
2024-04-19,16,38.07056592782712,8.797533484491158
2024-04-19,17,9.937006269606282,2.405576374984724
2024-04-19,18,2.2611017679042607,0.5717903806647209
2024-04-19,19,0.0,0.0
2024-04-19,20,0.0,0.0
2024-04-19,21,,
2024-04-20,6,,
2024-04-20,7,543.057924873591,61.58860037596591
2024-04-20,8,475.71899311771455,60.364415726681244
2024-04-20,9,419.5368111416841,54.65199534383626
2024-04-20,10,397.89707015803674,51.906452385471916
2024-04-20,11,348.47323577970695,46.22218884137312
2024-04-20,12,300.34597969204185,40.746595711926325
2024-04-20,13,256.436967155345,35.81962214699987
2024-04-20,14,211.89370870900788,31.05819697683069
2024-04-20,15,136.0497376061482,21.72788324877316
2024-04-20,16,60.6505360418004,10.889526692023198
2024-04-20,17,9.898421676153696,2.488943431598029
2024-04-20,18,2.2941660339403467,0.6129834991788053
2024-04-20,19,0.0,0.0
2024-04-20,20,0.0,0.0
2024-04-20,21,,
2024-04-21,6,,
2024-04-21,7,280.29718268436363,32.68654399044374
2024-04-21,8,245.2466229875791,34.18303698449987
2024-04-21,9,283.40283250888183,41.72792677239478
2024-04-21,10,257.09352993073435,40.413368131328504
2024-04-21,11,62.24437682406858,11.579579759484535
2024-04-21,12,67.4271834710976,13.49300388824572
2024-04-21,13,44.21091637486228,9.490687182287402
2024-04-21,14,26.35367795618007,6.019554006401808
2024-04-21,15,26.94802634441686,6.743763909052408
2024-04-21,16,15.574572404857951,4.519767578769038
2024-04-21,17,5.592479448496067,1.7776141764235514
2024-04-21,18,0.8370802220539753,0.2493408182251722
2024-04-21,19,0.0,0.0
2024-04-21,20,0.0,0.0
2024-04-21,21,,
2024-04-22,6,,
2024-04-22,7,301.15582611405677,35.77268261936376
2024-04-22,8,365.9498811477123,49.411998175602434
2024-04-22,9,125.92780222895111,20.142957483081403
2024-04-22,10,119.87798293824264,21.092764318669833
2024-04-22,11,110.66363410605229,19.331433360930426
2024-04-22,12,159.00488779878316,27.790372250409263
2024-04-22,13,179.40449487400025,29.628703406652484
2024-04-22,14,115.62589395147178,21.963858612596937
2024-04-22,15,63.8113325899032,13.809563127122322
2024-04-22,16,33.9941895096298,8.207466220508833
2024-04-22,17,8.23908845945892,2.7020728160489
2024-04-22,18,2.3080827220854028,0.715669484567697
2024-04-22,19,0.0,0.0
2024-04-22,20,0.0,0.0
2024-04-22,21,,
2024-04-23,6,,
2024-04-23,7,725.5403900900433,85.2999024127877
2024-04-23,8,494.8865145060356,63.920171916428124
2024-04-23,9,257.4022385411264,39.19054098272269
2024-04-23,10,127.36377670174156,22.477850129027345
2024-04-23,11,312.9103631278888,44.55598736683864
2024-04-23,12,46.299085158426095,8.9760338926643
2024-04-23,13,108.92070491897388,21.717114652110176
2024-04-23,14,116.00375009871217,22.33795740857241
2024-04-23,15,33.93825034235847,8.075577620639859
2024-04-23,16,16.45026054537564,4.4757275323651795
2024-04-23,17,11.478068876981965,3.3571933005798176
2024-04-23,18,2.7169324735040457,0.775563425879114
2024-04-23,19,0.0,0.0
2024-04-23,20,0.0,0.0
2024-04-23,21,,
2024-04-24,6,,
2024-04-24,7,289.92884309925716,34.595103998928586
2024-04-24,8,246.9941991741619,33.88076622010443
2024-04-24,9,178.19726709628196,27.117703137117203
2024-04-24,10,212.37545635120256,33.61111458899766
2024-04-24,11,242.8424794221698,38.33908451441289
2024-04-24,12,223.3542485490559,35.987688877202636
2024-04-24,13,170.01396116329107,29.66480551697712
2024-04-24,14,88.4216198444271,18.895526050636388
2024-04-24,15,14.748911064359891,3.6533738239058287
2024-04-24,16,8.641514612928518,2.466027379667462
2024-04-24,17,3.8469429221753977,1.3283720383265265
2024-04-24,18,1.5466247883718207,0.5053266372105253
2024-04-24,19,0.0,0.0
2024-04-24,20,0.0,0.0
2024-04-24,21,,
2024-04-25,6,,
2024-04-25,7,483.94400912318304,57.92527076658486
2024-04-25,8,403.3792563156603,53.611498967252274
2024-04-25,9,107.96006322855808,17.25590204693336
2024-04-25,10,399.44921484654935,52.74880713908469
2024-04-25,11,106.9997871265458,19.94412550601193
2024-04-25,12,0.0,0.0
2024-04-25,13,0.0,0.0
2024-04-25,14,187.12055876573373,29.089462469150035
2024-04-25,15,127.22032531185636,21.218339412562173
2024-04-25,16,46.31514289036808,10.109760538831765
2024-04-25,17,12.21552693050901,3.4462704211537294
2024-04-25,18,2.9878791392163215,0.8420445010589266
2024-04-25,19,0.0,0.0
2024-04-25,20,0.0,0.0
2024-04-25,21,,
2024-04-26,6,,
2024-04-26,7,572.3117528976895,67.03071325053384
2024-04-26,8,341.43692480847795,45.51497831543384
2024-04-26,9,173.5943754595725,26.801554072281284
2024-04-26,10,113.21358838674948,19.224539359905933
2024-04-26,11,256.71219805762377,38.4726525837515
2024-04-26,12,94.58132717575766,17.502032169708162
2024-04-26,13,185.19305256349958,29.832958677315485
2024-04-26,14,166.71285987579597,26.519848818093582
2024-04-26,15,47.32863972422089,10.624625367483603
2024-04-26,16,6.442153579267639,1.6686136969513194
2024-04-26,17,1.9662258653095528,0.5067879423977112
2024-04-26,18,3.0698759074689903,0.7253910062289762
2024-04-26,19,0.0,0.0
2024-04-26,20,0.0,0.0
2024-04-26,21,,
2024-04-27,6,,
2024-04-27,7,191.91150186634187,23.50932999523474
2024-04-27,8,278.2213657921318,38.45100767193526
2024-04-27,9,195.8878824423512,30.35096994478863
2024-04-27,10,307.20159992646575,44.48899973502432
2024-04-27,11,211.47311802552636,36.69753735898157
2024-04-27,12,38.7949198754961,8.127960600060227
2024-04-27,13,171.83349159592785,31.610688661645455
2024-04-27,14,25.2726054616408,5.95925634872389
2024-04-27,15,57.45920038448645,13.860033846270818
2024-04-27,16,62.82016976538278,11.516678751227523
2024-04-27,17,11.256299975271892,2.8136006961487707
2024-04-27,18,2.8267507831641137,0.8600388075844243
2024-04-27,19,0.0,0.0
2024-04-27,20,0.0,0.0
2024-04-27,21,,
2024-04-28,6,,
2024-04-28,7,488.83237745337635,58.772822617048234
2024-04-28,8,95.53289798818719,14.00538620851626
2024-04-28,9,199.13227881323888,31.76529502311851
2024-04-28,10,239.06151880944384,39.2167766536175
2024-04-28,11,180.80437750760797,32.07719550828111
2024-04-28,12,130.26505470742433,25.529584485112334
2024-04-28,13,72.79619995996892,15.762361647455414
2024-04-28,14,71.20508730088231,15.668288919957428
2024-04-28,15,85.07439918460072,17.222509225270286
2024-04-28,16,26.722086138273017,7.242814519479336
2024-04-28,17,12.820037723062443,3.6447964661385015
2024-04-28,18,3.0002722959624375,0.9156413476598697
2024-04-28,19,0.0,0.0
2024-04-28,20,0.0,0.0
2024-04-28,21,,
2024-04-29,6,,
2024-04-29,7,561.428728814978,67.16755797075294
2024-04-29,8,467.244949611145,60.01447692280663
2024-04-29,9,361.3940853971736,49.23103465555967
2024-04-29,10,119.23509762139938,20.638296378028173
2024-04-29,11,85.43389230043775,16.5124801439607
2024-04-29,12,50.076594786953095,10.4319845962612
2024-04-29,13,147.37517415833938,29.112965851832538
2024-04-29,14,166.7283660184875,27.922468591326833
2024-04-29,15,67.35093122870559,15.936254659151347
2024-04-29,16,32.762583135079964,9.218056488017673
2024-04-29,17,12.756573131130693,3.736278621344382
2024-04-29,18,3.3490955104526394,1.0848777425686884
2024-04-29,19,0.0,0.0
2024-04-29,20,0.0,0.0
2024-04-29,21,0.0,0.0
2024-04-30,6,,
2024-04-30,7,482.06772063964377,57.33587353357301
2024-04-30,8,350.4210969224353,45.49508058690583
2024-04-30,9,316.26612935017357,43.02133813158143
2024-04-30,10,385.97876300599734,49.45901758827053
2024-04-30,11,351.51656131652186,45.445341579221875
2024-04-30,12,323.2076795021855,42.432663486773635
2024-04-30,13,251.97447976126978,34.956464900173785
2024-04-30,14,152.31978425533146,24.566085697091644
2024-04-30,15,102.65022872920082,17.657871351648254
2024-04-30,16,33.958393187111284,7.565538468597464
2024-04-30,17,14.118747545612935,3.2641228459165963
2024-04-30,18,3.8729003874009416,0.8763357832165054
2024-04-30,19,0.0,0.0
2024-04-30,20,0.0,0.0
2024-04-30,21,0.0,0.0
2024-05-01,6,,
2024-05-01,7,389.44892083161875,47.03089399490152
2024-05-01,8,398.180285963048,50.66246404577913
2024-05-01,9,353.93597200199065,46.43161951668653
2024-05-01,10,233.37098789358092,35.35602912952062
2024-05-01,11,85.72704181637825,15.358853076073931
2024-05-01,12,160.20646035487775,28.016397109806093
2024-05-01,13,68.28521595770127,13.621871220727602
2024-05-01,14,58.47134155942125,12.526015650393747
2024-05-01,15,95.09661859610118,17.43570496056661
2024-05-01,16,33.61621260458172,8.07507614704879
2024-05-01,17,11.75562162997821,3.285893936503559
2024-05-01,18,3.8669934879357473,1.0317981064287822
2024-05-01,19,0.0,0.0
2024-05-01,20,0.0,0.0
2024-05-01,21,0.0,0.0
2024-05-02,6,,
2024-05-02,7,167.1126944673161,21.000285463924918
2024-05-02,8,133.27953655477776,19.059353896093253
2024-05-02,9,137.60010005868912,21.468408988373373
2024-05-02,10,225.10869831544437,34.83373434923264
2024-05-02,11,196.33925244104285,31.52776358390108
2024-05-02,12,36.153495403194,6.662660531874614
2024-05-02,13,57.09928066847705,10.970791724771995
2024-05-02,14,17.42778077992498,3.429793755636979
2024-05-02,15,80.10816664627369,14.576664328086215
2024-05-02,16,18.76134230656308,4.100449888184425
2024-05-02,17,11.339251535522555,2.521161750193839
2024-05-02,18,4.4178379257095175,0.9028778755410237
2024-05-02,19,0.0,0.0
2024-05-02,20,0.0,0.0
2024-05-02,21,0.0,0.0
2024-05-03,6,,
2024-05-03,7,169.64843400014763,21.441346561957875
2024-05-03,8,98.04040241831663,14.532019071176826
2024-05-03,9,93.8730531153115,15.48521439735009
2024-05-03,10,64.33498871282936,11.636912494290367
2024-05-03,11,152.35905478474183,28.73106032874642
2024-05-03,12,181.29836435991677,33.60452006136997
2024-05-03,13,182.10922221841366,32.331684869478806
2024-05-03,14,130.9727962859386,25.766059096085506
2024-05-03,15,42.0507288650885,11.234023572704174
2024-05-03,16,27.292499089701106,8.267337879638344
2024-05-03,17,11.331394356966905,4.144259533010364
2024-05-03,18,3.6728874931685374,1.3149277657045817
2024-05-03,19,0.0,0.0
2024-05-03,20,0.0,0.0
2024-05-03,21,0.0,0.0
2024-05-04,6,,
2024-05-04,7,513.7131619428716,63.51574267151008
2024-05-04,8,410.0720796357179,53.73156723597721
2024-05-04,9,211.59676806970265,33.261777901622025
2024-05-04,10,232.9961382181381,37.965027253291055
2024-05-04,11,118.11033302525306,22.141122578489128
2024-05-04,12,152.6567541846199,28.884721235266973
2024-05-04,13,167.26344818352206,30.263376155908627
2024-05-04,14,127.18942287480806,23.862278449825254
2024-05-04,15,74.40683593633963,15.950623205551102
2024-05-04,16,53.47909489654132,10.95856467961911
2024-05-04,17,13.934973401736208,4.30561896508957
2024-05-04,18,1.5976079360052422,0.5089159990183303
2024-05-04,19,0.0,0.0
2024-05-04,20,0.0,0.0
2024-05-04,21,0.0,0.0
2024-05-05,6,,
2024-05-05,7,148.46383524288083,19.339927741997087
2024-05-05,8,214.95416478436005,31.643821224750006
2024-05-05,9,152.40820474218145,25.325118775290917
2024-05-05,10,68.42529855328698,12.617899696223457
2024-05-05,11,44.61673222093542,8.96386679885828
2024-05-05,12,51.20635074849008,11.119847570343598
2024-05-05,13,39.75518857234529,9.311975824076281
2024-05-05,14,23.293094483793087,5.967388255568764
2024-05-05,15,17.854506272278137,5.066584694776206
2024-05-05,16,12.117645195325357,4.030054289275236
2024-05-05,17,6.651710017079916,2.579229508241182
2024-05-05,18,3.2261027614080238,1.1926969125062836
2024-05-05,19,0.0,0.0
2024-05-05,20,0.0,0.0
2024-05-05,21,0.0,0.0
2024-05-06,6,,
2024-05-06,7,94.49382169414443,12.378075997745398
2024-05-06,8,120.0726842971097,18.108240140764636
2024-05-06,9,84.25029590408222,14.161260636521444
2024-05-06,10,37.625318451809186,6.946468103745692
2024-05-06,11,34.99923121586971,6.377299530021232
2024-05-06,12,35.19650084343357,6.803146875422266
2024-05-06,13,35.59926563781415,7.280651818639548
2024-05-06,14,43.32919670063215,9.22667993017797
2024-05-06,15,34.406076428961285,7.817973097758474
2024-05-06,16,36.08558830987354,8.356770927420369
2024-05-06,17,12.963389804889067,3.5906379545028106
2024-05-06,18,3.8981474335670585,1.0439707660278044
2024-05-06,19,0.0,0.0
2024-05-06,20,0.0,0.0
2024-05-06,21,0.0,0.0
2024-05-07,6,,
2024-05-07,7,253.0217986469573,32.15330015314605
2024-05-07,8,314.71263382475047,42.31484057994545
2024-05-07,9,153.0104215659615,24.100419727134998
2024-05-07,10,212.76294381873004,33.95607538433272
2024-05-07,11,197.66383667245643,34.31352997752822
2024-05-07,12,194.50808865045724,34.1433233480941
2024-05-07,13,213.48517717146783,33.35915337952506
2024-05-07,14,118.96942661154016,23.973051711067086
2024-05-07,15,86.28086075688229,18.179166822336835
2024-05-07,16,40.93901648899219,10.391501317406366
2024-05-07,17,15.303529577509984,4.393713721250542
2024-05-07,18,4.587717385463245,1.5132108980311998
2024-05-07,19,0.0,0.0
2024-05-07,20,0.0,0.0
2024-05-07,21,0.0,0.0
2024-05-08,6,,
2024-05-08,7,484.5486591728717,60.84713477752314
2024-05-08,8,416.712397089947,55.053594394540994
2024-05-08,9,303.0608954310341,45.135430225609085
2024-05-08,10,354.16595046148655,49.21084691212214
2024-05-08,11,54.775212180958064,10.65215580003466
2024-05-08,12,188.3593092140637,34.35104077035257
2024-05-08,13,43.56007165421668,9.751654771497517
2024-05-08,14,28.015806541175017,6.92141241849011
2024-05-08,15,63.74769129645342,15.849143515949075
2024-05-08,16,69.19903199864261,12.934176791922912
2024-05-08,17,15.405966318765653,4.148207649283133
2024-05-08,18,4.114512576879786,1.4793958547443542
2024-05-08,19,0.0,0.0
2024-05-08,20,0.0,0.0
2024-05-08,21,0.0,0.0
2024-05-09,6,,
2024-05-09,7,330.0526200157377,42.4185588840471
2024-05-09,8,414.8221868429219,54.446162079523276
2024-05-09,9,373.42707601237396,50.3745164706276
2024-05-09,10,338.24240551609927,47.53265654145312
2024-05-09,11,305.67752971992593,42.57963427517156
2024-05-09,12,201.97854424621764,33.61556798211139
2024-05-09,13,62.5688345268093,12.776193237321147
2024-05-09,14,57.80485471841889,12.769258455140871
2024-05-09,15,15.685810967559348,3.7591232245429165
2024-05-09,16,11.517834961820341,3.100705014496241
2024-05-09,17,3.7613857325513287,1.2488292102103282
2024-05-09,18,4.935534819205375,1.5369441300605664
2024-05-09,19,0.0,0.0
2024-05-09,20,0.0,0.0
2024-05-09,21,0.0,0.0
2024-05-10,6,,
2024-05-10,7,477.85233099891894,60.23360719658772
2024-05-10,8,400.38649005701023,52.96672249634467
2024-05-10,9,382.99508625131887,51.209384414795174
2024-05-10,10,362.24228381384046,48.761975893436826
2024-05-10,11,333.7307807039454,44.28079414646007
2024-05-10,12,289.951761785735,39.337215577825546
2024-05-10,13,240.47223682472782,34.15346539815205
2024-05-10,14,160.1841368532638,26.07833527198202
2024-05-10,15,93.58800440122353,17.54590978062434
2024-05-10,16,38.96312418064732,8.944818793387826
2024-05-10,17,14.815848421384686,4.123402297107632
2024-05-10,18,2.422897518670631,0.6677316269174944
2024-05-10,19,0.0,0.0
2024-05-10,20,0.0,0.0
2024-05-10,21,0.0,0.0
2024-05-11,6,100.93841862588228,10.951890117844693
2024-05-11,7,134.265004199371,17.72035435608015
2024-05-11,8,285.4149172068933,39.91100031044815
2024-05-11,9,296.2927822217713,42.811297429829835
2024-05-11,10,298.9285858084928,43.82829375572112
2024-05-11,11,131.91528627566072,25.125627572521466
2024-05-11,12,132.7005829644275,26.47050808458562
2024-05-11,13,43.47367240824083,9.651564239965792
2024-05-11,14,109.88830395115508,22.845987406137315
2024-05-11,15,117.1671210704753,20.90339943971194
2024-05-11,16,51.08979941019371,11.408393244178685
2024-05-11,17,16.59662705118811,4.6540019597293005
2024-05-11,18,4.999957651332792,1.5969190992831734
2024-05-11,19,0.0,0.0
2024-05-11,20,0.0,0.0
2024-05-11,21,0.0,0.0
2024-05-12,6,177.82319714226492,18.31885150813905
2024-05-12,7,165.81238789526162,22.290843892948526
2024-05-12,8,194.60892332826572,29.46006496743846
2024-05-12,9,204.78882389484556,33.66540164185618
2024-05-12,10,173.25198098242984,31.494231711319134
2024-05-12,11,95.7750437272575,18.233304070252537
2024-05-12,12,41.89571358901416,8.517124321629076
2024-05-12,13,38.21564171232376,8.278809623498915
2024-05-12,14,43.98846577448833,10.191792303979636
2024-05-12,15,48.6391067703823,11.933504289100785
2024-05-12,16,12.275679728702357,3.501896914008049
2024-05-12,17,4.187435240045887,1.3411862095347515
2024-05-12,18,3.6331050733889736,1.0900619758096306
2024-05-12,19,0.0,0.0
2024-05-12,20,0.0,0.0
2024-05-12,21,0.0,0.0
2024-05-13,6,275.51211342989313,29.10001754786262
2024-05-13,7,361.64218798281456,45.61652193447281
2024-05-13,8,380.2969832344195,49.4632675326897
2024-05-13,9,343.589529720198,45.8780660962028
2024-05-13,10,351.3075880740243,46.36997600188886
2024-05-13,11,128.94708834896227,23.41488910907564
2024-05-13,12,267.7773680079992,37.3087986540262
2024-05-13,13,170.60954855529195,29.100909399586243
2024-05-13,14,107.66621092006858,20.696502782241097
2024-05-13,15,29.034508471341514,6.6776846732871595
2024-05-13,16,25.34584003291864,6.348403351533566
2024-05-13,17,6.435862883061226,1.924707934225768
2024-05-13,18,1.9108405009127285,0.5337125816727974
2024-05-13,19,0.0,0.0
2024-05-13,20,0.0,0.0
2024-05-13,21,0.0,0.0
2024-05-14,6,89.96549786873814,9.646870066791337
2024-05-14,7,266.9513289296381,34.949978130965924
2024-05-14,8,268.24381155248705,37.73573528041901
2024-05-14,9,315.7934460426925,44.08417938392076
2024-05-14,10,144.31602408963536,25.28949422802203
2024-05-14,11,94.161492900676,17.97073801815975
2024-05-14,12,134.49215174705049,26.195242627858597
2024-05-14,13,165.68674724724997,29.881434272504947
2024-05-14,14,56.87178585464956,12.689167245075932
2024-05-14,15,56.97110850248933,13.078687963899949
2024-05-14,16,9.329858582020325,2.5334290734601037
2024-05-14,17,2.572963328323024,0.8365738074044319
2024-05-14,18,0.884193727408306,0.27041241180419223
2024-05-14,19,0.0,0.0
2024-05-14,20,0.0,0.0
2024-05-14,21,0.0,0.0
2024-05-15,6,96.60398606596623,10.750928393988696
2024-05-15,7,55.75821958270224,7.415520538797489
2024-05-15,8,174.95319350924498,26.059518806208978
2024-05-15,9,192.940048017408,30.808467808991086
2024-05-15,10,204.32465678851372,34.13139150839499
2024-05-15,11,87.27281288441213,16.31555827633778
2024-05-15,12,125.56230301443111,24.080202225881745
2024-05-15,13,46.56757774798845,9.805198276362582
2024-05-15,14,27.031257482525866,6.286761673141273
2024-05-15,15,28.982901469054738,7.320806962222737
2024-05-15,16,10.65872615749928,3.0498125278964796
2024-05-15,17,3.3113284851674263,1.106110355062665
2024-05-15,18,1.1381027217974191,0.35873821929264166
2024-05-15,19,0.0,0.0
2024-05-15,20,0.0,0.0
2024-05-15,21,0.0,0.0
2024-05-16,6,346.79876209584006,36.77362215488548
2024-05-16,7,392.975169747686,49.12669380607082
2024-05-16,8,258.64980942143643,36.722970607629186
2024-05-16,9,152.47394932154472,24.844534841252035
2024-05-16,10,82.53403365335816,14.753719239103928
2024-05-16,11,146.83044794813446,27.336129616986724
2024-05-16,12,127.11782846191758,25.21636172190571
2024-05-16,13,39.15578254142791,8.573026851162895
2024-05-16,14,99.09039135476431,21.886776992746746
2024-05-16,15,133.48755434618067,22.49440669714781
2024-05-16,16,46.48471398826622,11.505244262833397
2024-05-16,17,15.665250341108505,5.324838608996865
2024-05-16,18,5.712860152324505,2.031939548668738
2024-05-16,19,0.0,0.0
2024-05-16,20,0.0,0.0
2024-05-16,21,0.0,0.0
2024-05-17,6,134.8633015836829,13.836563175383123
2024-05-17,7,123.3930002769724,16.641227123704404
2024-05-17,8,114.40927013250067,17.333116460684863
2024-05-17,9,161.5044465130443,26.416667859593083
2024-05-17,10,102.3104521787748,18.49333056815751
2024-05-17,11,86.57943512976595,16.220912588655867
2024-05-17,12,184.77552408012173,32.18419763238754
2024-05-17,13,111.64867947382993,22.434727597744025
2024-05-17,14,94.944680291019,19.45496687934958
2024-05-17,15,70.11735315115035,15.0923434004418
2024-05-17,16,43.49719098763421,10.064244868420031
2024-05-17,17,8.277603559081294,2.4059517654113263
2024-05-17,18,6.034737347323038,1.6450932158362257
2024-05-17,19,0.0,0.0
2024-05-17,20,0.0,0.0
2024-05-17,21,0.0,0.0
2024-05-18,6,347.8238735558371,37.99502375905705
2024-05-18,7,401.2481752407439,50.31750308781014
2024-05-18,8,214.83066726886426,30.91255503596583
2024-05-18,9,281.73378670169774,40.41657162394232
2024-05-18,10,320.2982227489731,44.16452442469688
2024-05-18,11,251.0201246577602,38.22596865746276
2024-05-18,12,254.6237200141373,37.14089189839822
2024-05-18,13,61.45246910348759,12.329673857838522
2024-05-18,14,80.0172601015667,16.30659196223974
2024-05-18,15,45.762823379119865,10.081439345259481
2024-05-18,16,20.15864965123962,4.914103251351385
2024-05-18,17,20.961827759167505,4.315536949700276
2024-05-18,18,3.3020420132023434,0.8637989567238116
2024-05-18,19,0.09392936915132741,0.02190886788632869
2024-05-18,20,0.0,0.0
2024-05-18,21,0.0,0.0
2024-05-19,6,266.9583103624619,28.866829683976437
2024-05-19,7,329.4964052244598,42.14703603412267
2024-05-19,8,302.85581675822164,41.711193750545014
2024-05-19,9,291.6061539821553,42.04464707233112
2024-05-19,10,304.7519920357545,43.820191709730295
2024-05-19,11,202.528369000466,33.975051799111824
2024-05-19,12,75.70448581202565,14.823849265182657
2024-05-19,13,184.76093234005134,30.97930060352344
2024-05-19,14,120.90225139621145,23.148257244383572
2024-05-19,15,47.10328636238144,11.036143828408457
2024-05-19,16,26.31403391434405,6.901973317202741
2024-05-19,17,20.350368301833164,4.797729475594094
2024-05-19,18,5.666964135741679,1.667583209030683
2024-05-19,19,0.08926329430997991,0.023493265047874745
2024-05-19,20,0.0,0.0
2024-05-19,21,0.0,0.0
2024-05-20,6,199.0238997242027,21.58046891906939
2024-05-20,7,359.2959047994016,45.71798057406498
2024-05-20,8,380.20903140044805,50.002191076126785
2024-05-20,9,330.75064725546014,45.66353852361519
2024-05-20,10,254.82178819940037,39.67734020834734
2024-05-20,11,229.83642186811102,36.40642476704343
2024-05-20,12,168.84931875173066,29.667387305689598
2024-05-20,13,124.98593877142834,23.723734637512557
2024-05-20,14,123.06095388596319,23.251236930956736
2024-05-20,15,67.85028544022269,14.79352550429116
2024-05-20,16,35.601903782817544,8.832613364478334
2024-05-20,17,14.359287911359118,4.381098839955595
2024-05-20,18,5.246873109135039,1.5626713045911607
2024-05-20,19,0.08826380263389424,0.023526026454832313
2024-05-20,20,0.0,0.0
2024-05-20,21,0.0,0.0
2024-05-21,6,262.75665454118683,29.900508608539745
2024-05-21,7,319.8505194110724,40.7755037201493
2024-05-21,8,264.78153804028875,36.8571540210339
2024-05-21,9,333.96424608719377,44.81841421162149
2024-05-21,10,279.75010478973127,40.72412353788414
2024-05-21,11,221.62838919058854,35.5799771673029
2024-05-21,12,204.71591884061425,33.536228625448345
2024-05-21,13,81.70393907468396,16.578851776832142
2024-05-21,14,129.04587501300298,23.35116662291178
2024-05-21,15,67.28015778812329,14.26532262590931
2024-05-21,16,78.87342395203369,13.317369742720617
2024-05-21,17,22.12914613154266,4.43749018702792
2024-05-21,18,6.294761620239814,1.5955250219586403
2024-05-21,19,0.6584183881101169,0.14918972346293433
2024-05-21,20,0.0,0.0
2024-05-21,21,0.0,0.0
2024-05-22,6,511.63146194008,55.70850040799826
2024-05-22,7,440.3545524832154,56.64266652428593
2024-05-22,8,379.91806358343877,50.64793597355302
2024-05-22,9,337.08507427529275,47.42520645551362
2024-05-22,10,244.02053655963275,40.01441697168931
2024-05-22,11,249.52981824175686,39.308767822205084
2024-05-22,12,236.98784419157715,37.39832787023554
2024-05-22,13,180.61715146424353,31.26452926512568
2024-05-22,14,159.39339354904428,27.29830996502807
2024-05-22,15,112.45150837299462,20.532209730727704
2024-05-22,16,77.63129420156542,13.797551578698524
2024-05-22,17,21.480339086113382,5.067427443219685
2024-05-22,18,5.245672291800508,1.7095701822761722
2024-05-22,19,0.7683657131449795,0.22553994173735095
2024-05-22,20,0.0,0.0
2024-05-22,21,0.0,0.0
2024-05-23,6,396.48556856060145,43.83192412116735
2024-05-23,7,436.72476245497444,55.31687973921543
2024-05-23,8,417.7231822897031,54.464075264777975
2024-05-23,9,389.1280067061417,51.23138560334206
2024-05-23,10,373.01284117873064,49.18348149778621
2024-05-23,11,346.0576034208682,45.64689312362013
2024-05-23,12,300.8332209489313,40.58258989623473
2024-05-23,13,170.7170340685894,30.395348724666952
2024-05-23,14,161.94604309050965,27.34247779113055
2024-05-23,15,53.09822661202044,12.665864355573538
2024-05-23,16,5.543071226046456,1.5281584888112927
2024-05-23,17,5.69993971466638,1.7850729825162215
2024-05-23,18,1.10012766288034,0.32720317638959046
2024-05-23,19,0.8039686188852992,0.21448744419482677
2024-05-23,20,0.0,0.0
2024-05-23,21,0.0,0.0
2024-05-24,6,332.54597639469523,37.429428571648394
2024-05-24,7,409.34289623571533,51.670594762338446
2024-05-24,8,402.4437615659624,51.918708246924766
2024-05-24,9,379.11214899786927,49.39608456377335
2024-05-24,10,366.27182500304684,47.74338419190249
2024-05-24,11,340.5278186779506,44.37252111657424
2024-05-24,12,290.15233595919966,39.02407859242201
2024-05-24,13,174.89574658122436,29.02842234504709
2024-05-24,14,201.78459269745974,29.76236431234524
2024-05-24,15,131.27985989152197,21.573548508463535
2024-05-24,16,75.7969385081047,13.297553758491313
2024-05-24,17,22.567708514706602,4.744576715419698
2024-05-24,18,6.267406025917982,1.703077882342471
2024-05-24,19,0.8215683946028178,0.19980410119535275
2024-05-24,20,0.0,0.0
2024-05-24,21,0.0,0.0
2024-05-25,6,310.5964133573899,34.768555446830405
2024-05-25,7,382.4151165596749,48.527922311588945
2024-05-25,8,225.64002938635593,32.91143519441729
2024-05-25,9,327.98671559404767,45.003957823890865
2024-05-25,10,314.25831141972867,44.0411335333993
2024-05-25,11,266.9107149638915,40.851923760390534
2024-05-25,12,53.812494729577196,11.207535901936216
2024-05-25,13,19.2062888438707,4.266371605218229
2024-05-25,14,23.5350592362021,5.581113367009289
2024-05-25,15,62.484997004886864,15.031653144507654
2024-05-25,16,58.92111292662533,12.569512704122157
2024-05-25,17,21.421106039340323,5.472465079809616
2024-05-25,18,6.528903202136073,2.182673770047548
2024-05-25,19,1.1924293037593987,0.3617042182034563
2024-05-25,20,0.0,0.0
2024-05-25,21,0.0,0.0
2024-05-26,6,92.30340354108728,10.434975650801352
2024-05-26,7,64.17264188792302,8.824173962520327
2024-05-26,8,189.42641955409326,28.0883978763109
2024-05-26,9,154.85274159354887,25.22308700597172
2024-05-26,10,150.80014865212232,26.303151716894654
2024-05-26,11,44.98459824893982,8.289012810660315
2024-05-26,12,23.705749671608018,4.602175601909058
2024-05-26,13,34.24481298307138,6.986342785748763
2024-05-26,14,24.674440057305247,5.417868719449126
2024-05-26,15,13.559453428369455,3.1855685956538453
2024-05-26,16,32.297140245845725,8.113808113998578
2024-05-26,17,17.507754929159642,5.003679225109569
2024-05-26,18,6.5428070615786105,1.9046639874676303
2024-05-26,19,1.1710129407707908,0.3062329171753021
2024-05-26,20,0.0,0.0
2024-05-26,21,0.0,0.0
2024-05-27,6,374.6988089976656,42.37826053595131
2024-05-27,7,414.8643974240185,53.33109159938709
2024-05-27,8,383.50481967946996,50.817467925232634
2024-05-27,9,255.0374065081691,39.097521564056876
2024-05-27,10,171.80678568753922,30.16394320567789
2024-05-27,11,86.07738824771725,15.915468884027606
2024-05-27,12,129.0874697364394,24.43857027381528
2024-05-27,13,70.91643723856953,14.592152903146758
2024-05-27,14,40.623134020813254,9.06786511384327
2024-05-27,15,29.284456015070663,7.0265794184708295
2024-05-27,16,13.578036304056246,3.6235675290618885
2024-05-27,17,5.979810197708914,1.9235919105589827
2024-05-27,18,3.086931420953901,0.9503092322030988
2024-05-27,19,0.43895275435212966,0.12201168735626598
2024-05-27,20,0.0,0.0
2024-05-27,21,0.0,0.0
2024-05-28,6,232.80209951506157,26.738833224649113
2024-05-28,7,90.82843878648373,12.717135866099031
2024-05-28,8,78.99104898427584,12.492576551866335
2024-05-28,9,162.39989245079857,27.837377787770677
2024-05-28,10,45.22251578289652,8.63477275368179
2024-05-28,11,144.680812541654,26.469961124972734
2024-05-28,12,93.6909644370428,18.692241768140214
2024-05-28,13,151.9335213685943,28.109979818975752
2024-05-28,14,109.06659476224212,23.879525976987715
2024-05-28,15,87.76846729219612,19.383086877079638
2024-05-28,16,58.24636564168681,13.084350926732169
2024-05-28,17,20.04790179387524,6.007441558293989
2024-05-28,18,6.560353197172488,2.3505031146062163
2024-05-28,19,0.7271862807028572,0.23707640432523755
2024-05-28,20,0.0,0.0
2024-05-28,21,0.0,0.0
2024-05-29,6,378.48384221288916,42.955892056017504
2024-05-29,7,422.79594869265884,53.69854738521701
2024-05-29,8,415.3687433665092,53.99189470183887
2024-05-29,9,392.4368774599199,51.38599624403194
2024-05-29,10,379.18578642837224,49.58041298972784
2024-05-29,11,350.58737904492193,46.02707874512687
2024-05-29,12,311.5297449887041,41.64129958460012
2024-05-29,13,283.2481229881869,38.91917386255906
2024-05-29,14,210.52051010711926,31.650287316040977
2024-05-29,15,157.25878293994202,24.885998439750413
2024-05-29,16,83.12504601660686,14.788898561895143
2024-05-29,17,24.37885465098612,5.490226923276975
2024-05-29,18,5.3972876638239535,1.8393415491705642
2024-05-29,19,1.4308416491430327,0.44380593047282235
2024-05-29,20,0.0,0.0
2024-05-29,21,0.0,0.0
2024-05-30,6,440.0099118390214,50.09314134005889
2024-05-30,7,436.22166053133674,55.899442731410176
2024-05-30,8,420.59433355504746,54.867776007613756
2024-05-30,9,394.64273734981,51.897054232635135
2024-05-30,10,381.59237493085504,50.127893936802316
2024-05-30,11,354.05521030346205,46.24056512900393
2024-05-30,12,318.19239809820345,42.29062830433487
2024-05-30,13,263.80188470826494,36.655603190235766
2024-05-30,14,208.86583518060758,30.987889489607944
2024-05-30,15,157.2255473609025,24.426659666405218
2024-05-30,16,84.28807557639514,14.498738036854366
2024-05-30,17,25.652796400830763,5.383437321729997
2024-05-30,18,5.842069542331121,1.7638286162814285
2024-05-30,19,1.5054784380514583,0.4106636981763868
2024-05-30,20,0.0,0.0
2024-05-30,21,0.0,0.0
2024-05-31,6,200.8601302687604,23.211660697036095
2024-05-31,7,333.1779670519779,43.91232633240863
2024-05-31,8,265.78658278846075,38.864152397033784
2024-05-31,9,334.0478189354542,46.96115408648359
2024-05-31,10,286.22233555302626,44.01540730952192
2024-05-31,11,269.49024288998544,41.974829028068086
2024-05-31,12,155.79172091340266,30.67409282862127
2024-05-31,13,130.26653091995092,27.225488521150446
2024-05-31,14,117.28407958881348,24.753194056986185
2024-05-31,15,128.4299809529207,22.58464222533629
2024-05-31,16,49.82854127046729,12.455262334808998
2024-05-31,17,21.6180164753279,5.873432095434979
2024-05-31,18,7.491715395595722,2.380435138123858
2024-05-31,19,1.5470515343479967,0.44517317191028505
2024-05-31,20,0.0,0.0
2024-05-31,21,0.0,0.0
2024-06-01,6,330.1928070470821,37.793600195537934
2024-06-01,7,378.20205332854914,48.734942376998916
2024-06-01,8,378.05196751924444,49.55506780426498
2024-06-01,9,268.901829058399,39.6194452654359
2024-06-01,10,216.82051391868305,35.31520055583393
2024-06-01,11,250.53743992911922,37.70016099917176
2024-06-01,12,161.09655921424743,28.280942712735982
2024-06-01,13,111.07990344945185,21.172696808937076
2024-06-01,14,104.41259394787426,19.112964449652512
2024-06-01,15,84.69173575018442,15.577969806628936
2024-06-01,16,46.24515428370048,9.245085000225297
2024-06-01,17,26.464143824103992,5.098994027087492
2024-06-01,18,8.717233153424909,1.8555295821353104
2024-06-01,19,2.0852736038514395,0.40164336807612777
2024-06-01,20,0.0,0.0
2024-06-01,21,0.0,0.0
2024-06-02,6,301.47405108499663,35.06600178981205
2024-06-02,7,383.5420672324396,48.92474201238895
2024-06-02,8,385.1950124691798,50.55605357816535
2024-06-02,9,362.407497647221,48.339391845709706
2024-06-02,10,359.5527088720081,47.756266398843046
2024-06-02,11,341.39702471199394,45.63629021518554
2024-06-02,12,295.4878705696222,40.90310732056173
2024-06-02,13,183.4735694450685,32.8470237832212
2024-06-02,14,124.50799371584387,25.686185572461376
2024-06-02,15,92.4977246694969,19.99969536937066
2024-06-02,16,74.23144979732152,14.545887623220494
2024-06-02,17,25.577132654547402,6.125069363266164
2024-06-02,18,7.066254887473238,2.3940594364747545
2024-06-02,19,1.7190064545055053,0.5322722438312322
2024-06-02,20,0.0,0.0
2024-06-02,21,0.0,0.0
2024-06-03,6,222.60235448638858,26.139908451408072
2024-06-03,7,133.38212419843578,18.670878555534664
2024-06-03,8,161.77317373588141,24.884105745759086
2024-06-03,9,85.30039067274294,14.51349669760652
2024-06-03,10,55.066098626293474,10.148856205646066
2024-06-03,11,158.74194553165412,29.038263691841305
2024-06-03,12,207.56238814081559,35.423594189221994
2024-06-03,13,188.01532160062467,32.29002115992408
2024-06-03,14,134.09816224282736,24.966783614045266
2024-06-03,15,24.677648943909457,5.941025767719246
2024-06-03,16,34.49741108810143,8.872033988142354
2024-06-03,17,10.962865286879618,3.3292533621108222
2024-06-03,18,3.0940089466709004,0.9059177429649306
2024-06-03,19,0.3559033104803313,0.09394322089252223
2024-06-03,20,0.0,0.0
2024-06-03,21,0.0,0.0
2024-06-04,6,101.18367998386262,11.906360371681993
2024-06-04,7,88.4140958703016,12.247894012674784
2024-06-04,8,115.64381953965488,17.824923255076328
2024-06-04,9,50.66010446536891,8.530559979980486
2024-06-04,10,66.21988031250719,12.035108402043765
2024-06-04,11,57.26399316346993,10.955756494944907
2024-06-04,12,81.70231777083656,16.605678421187065
2024-06-04,13,166.07013518361495,30.123084881582884
2024-06-04,14,28.643981166764455,6.570302361456914
2024-06-04,15,55.21261163003152,13.175641936857865
2024-06-04,16,21.2723749874749,5.852571193701975
2024-06-04,17,11.874630673644448,3.5871191704470236
2024-06-04,18,1.4464414245700223,0.422789339334669
2024-06-04,19,0.5307055024416905,0.13988317678294987
2024-06-04,20,0.0,0.0
2024-06-04,21,0.0,0.0
2024-06-05,6,85.66412590143375,10.115879588037842
2024-06-05,7,80.1158048761083,11.10664653167965
2024-06-05,8,80.43707319728898,12.361756479557876
2024-06-05,9,67.20488328978048,11.250266320140284
2024-06-05,10,303.80515029047734,44.76175044458746
2024-06-05,11,228.9964662589727,38.83829797964883
2024-06-05,12,54.958922868317956,11.384179053635734
2024-06-05,13,133.42350657952653,27.211653468946732
2024-06-05,14,91.43910389078609,20.596690905335354
2024-06-05,15,101.41935877480131,20.807468290099738
2024-06-05,16,87.38156315252895,15.509904039550225
2024-06-05,17,28.819614689763853,6.004480519972685
2024-06-05,18,6.868808077557243,2.14865015656721
2024-06-05,19,2.255969846358205,0.6425080152450615
2024-06-05,20,0.0,0.0
2024-06-05,21,0.0,0.0
2024-06-06,6,430.2847987711233,50.28252116128629
2024-06-06,7,427.8142029653575,55.103261828812194
2024-06-06,8,410.64435878085214,54.099386133843154
2024-06-06,9,394.78965727914033,52.33079142985455
2024-06-06,10,377.3065690340063,50.15172086696397
2024-06-06,11,370.5432757398512,48.36920733058237
2024-06-06,12,325.37050817959147,43.41547331715984
2024-06-06,13,280.01375597963175,38.757565337247264
2024-06-06,14,223.91202157284246,32.74941733907176
2024-06-06,15,156.96144280994517,24.816860238544585
2024-06-06,16,92.24621554354397,15.628403012297955
2024-06-06,17,28.391218773624246,5.903914719160212
2024-06-06,18,6.5428119958672495,1.9943803742437272
2024-06-06,19,2.253199807412021,0.6243917319219237
2024-06-06,20,0.0,0.0
2024-06-06,21,0.0,0.0
2024-06-07,6,295.27244548440325,34.55667144226008
2024-06-07,7,297.6778663928143,39.51715726271817
2024-06-07,8,301.1094517330194,42.21063295426655
2024-06-07,9,252.87100227956495,38.788245456026004
2024-06-07,10,222.07735692088835,36.87767442008769
2024-06-07,11,222.89062003638765,38.5138251442329
2024-06-07,12,89.31761040232938,18.994850484194544
2024-06-07,13,160.9179067674349,31.249703243026094
2024-06-07,14,137.6813218553189,27.006752152089067
2024-06-07,15,87.34878460036781,19.472907449356594
2024-06-07,16,80.56308796994381,14.964824827094862
2024-06-07,17,26.100865678201163,6.505556702332796
2024-06-07,18,5.9122137147981935,2.217398797010041
2024-06-07,19,0.33425860956737213,0.11608403764548457
2024-06-07,20,0.0,0.0
2024-06-07,21,0.0,0.0
2024-06-08,6,82.69108872552866,9.891603748615086
2024-06-08,7,60.67877494996909,8.637845845371775
2024-06-08,8,102.87300519246622,16.267225896541
2024-06-08,9,152.1600726240978,26.079154875970996
2024-06-08,10,376.04075514985425,49.86044310793216
2024-06-08,11,320.10676497941233,44.7886711573405
2024-06-08,12,272.86956310110435,40.6670335427658
2024-06-08,13,192.46343782797658,34.328659417969746
2024-06-08,14,194.83550427692325,30.80431058470928
2024-06-08,15,117.82363402923228,22.510926303947024
2024-06-08,16,65.82558434387053,14.443947014652196
2024-06-08,17,20.821599641338032,6.829389737776618
2024-06-08,18,7.178455962108228,2.6759300080769153
2024-06-08,19,2.2396114150885627,0.7714060535667319
2024-06-08,20,0.0,0.0
2024-06-08,21,0.0,0.0
2024-06-09,6,423.936611587559,49.84159649284676
2024-06-09,7,364.2651195740481,47.663333267926376
2024-06-09,8,371.6144454010559,49.61376299199593
2024-06-09,9,43.0302226152148,7.29417515802663
2024-06-09,10,30.51070009505674,5.589710517195524
2024-06-09,11,348.45779718936853,46.93243492331238
2024-06-09,12,248.7619173887947,41.548052275516675
2024-06-09,13,240.19022634829724,36.83862895996125
2024-06-09,14,132.03157354748765,28.179187059288036
2024-06-09,15,51.07126710021922,14.52310970292102
2024-06-09,16,8.01149659241609,2.678212649917349
2024-06-09,17,2.75104397797983,1.0973665445612835
2024-06-09,18,1.7616004663074913,0.6901401754914284
2024-06-09,19,0.8991605813869772,0.32770960081063966
2024-06-09,20,0.0,0.0
2024-06-09,21,0.0,0.0
2024-06-10,6,393.52505817316444,45.887244266888054
2024-06-10,7,392.0505661463493,50.63746407227834
2024-06-10,8,349.97811038953546,47.479601055333774
2024-06-10,9,365.51338918097434,49.05356009518821
2024-06-10,10,339.3293765585618,46.77887635590846
2024-06-10,11,267.44619518865284,43.356146148356785
2024-06-10,12,26.802009023428965,6.084749077911492
2024-06-10,13,78.21321092897657,18.998463680812947
2024-06-10,14,30.45946142146334,7.53720551340808
2024-06-10,15,30.725928921836953,8.285251532261702
2024-06-10,16,20.37118113529176,6.2193269030063645
2024-06-10,17,14.201704459456913,5.013972882967594
2024-06-10,18,2.094389256958005,0.7338269689011816
2024-06-10,19,1.8836984896047282,0.6098190519854731
2024-06-10,20,0.0,0.0
2024-06-10,21,0.0,0.0
2024-06-11,6,439.51045180149936,51.47923148756851
2024-06-11,7,428.0363104845911,55.16318201654244
2024-06-11,8,412.0295265006795,54.047449247507785
2024-06-11,9,399.16568504253866,52.528839322844995
2024-06-11,10,399.43077798136085,52.0644183365622
2024-06-11,11,331.23166005172175,44.39372269796222
2024-06-11,12,310.04422054015595,41.4053907191657
2024-06-11,13,268.6336680823733,37.12262470812588
2024-06-11,14,223.73864373374255,32.59604035077303
2024-06-11,15,154.44720019667955,24.572966291077453
2024-06-11,16,93.09833056253031,15.772703903483004
2024-06-11,17,29.511941337233058,6.367773157768806
2024-06-11,18,6.7010126812861746,2.2295846481907438
2024-06-11,19,2.3507428467746956,0.719306014120018
2024-06-11,20,0.0,0.0
2024-06-11,21,0.0,0.0
2024-06-12,6,402.19221202714664,47.3265736620979
2024-06-12,7,411.57270040209187,53.48052832073647
2024-06-12,8,400.79421086216655,53.25350311244503
2024-06-12,9,394.8551761880232,52.541005483027334
2024-06-12,10,296.9393122396207,45.597446205116825
2024-06-12,11,256.2592187810151,42.99285603901022
2024-06-12,12,221.48639597822077,39.56648530837536
2024-06-12,13,209.9659526562845,36.47150369072466
2024-06-12,14,163.0160753646235,30.179749781444936
2024-06-12,15,130.41514812389977,24.023382445285012
2024-06-12,16,79.9575039336833,15.807699383671748
2024-06-12,17,24.558801684044198,7.493117394490409
2024-06-12,18,8.399514285790593,3.16090863518452
2024-06-12,19,2.437214856625422,0.8539647091573475
2024-06-12,20,0.0,0.0
2024-06-12,21,0.0,0.0
2024-06-13,6,438.69908241149903,51.593201539462804
2024-06-13,7,402.38300581694017,52.29287271294602
2024-06-13,8,348.07484978869286,47.40677685655591
2024-06-13,9,361.6641222432104,49.10621178890303
2024-06-13,10,317.0401613240204,46.184543375560374
2024-06-13,11,268.4680264730457,41.39374360751199
2024-06-13,12,298.40805587379276,40.792412663454726
2024-06-13,13,190.84505982755655,32.847700418977816
2024-06-13,14,160.87136244806874,28.90780380737661
2024-06-13,15,104.21499591639636,21.33746149734222
2024-06-13,16,61.299710280203975,13.937546027295399
2024-06-13,17,26.396012667809927,6.965013121533107
2024-06-13,18,6.805297149012013,2.3989214462122153
2024-06-13,19,2.45393786865429,0.7953721555456023
2024-06-13,20,0.0,0.0
2024-06-13,21,0.0,0.0
2024-06-14,6,428.5844843109586,50.436480208637306
2024-06-14,7,222.19826436720422,30.90417317793745
2024-06-14,8,182.29260804426485,28.063294662115002
2024-06-14,9,244.86049013697408,38.36258811778054
2024-06-14,10,148.6118939780302,27.2718485569849
2024-06-14,11,131.1893798863469,24.67873016283064
2024-06-14,12,270.608719324197,39.330526406771384
2024-06-14,13,65.05271176873283,14.025878066685873
2024-06-14,14,129.26877542722258,25.009977378825468
2024-06-14,15,57.209189728255275,13.57343829120682
2024-06-14,16,43.38375002714385,10.886750622283552
2024-06-14,17,25.610406467422045,6.340505901459093
2024-06-14,18,7.339057313857195,2.1948946857810845
2024-06-14,19,2.7330048426795903,0.7415423532860798
2024-06-14,20,0.0,0.0
2024-06-14,21,0.0,0.0
2024-06-15,6,103.53090416187142,12.343947492423515
2024-06-15,7,105.96254768829935,14.80326886076945
2024-06-15,8,104.55709904706671,16.581532526822176
2024-06-15,9,182.17165113303054,30.86970985616635
2024-06-15,10,227.16633431869107,39.121864660199854
2024-06-15,11,201.45592526839357,36.331636141885994
2024-06-15,12,167.06497727545474,32.54773368617409
2024-06-15,13,123.67904557981291,26.45392341898839
2024-06-15,14,83.15478233128758,18.997113810653502
2024-06-15,15,55.214154554297544,13.72812119500682
2024-06-15,16,55.42342794780002,13.136610426991227
2024-06-15,17,25.47256653116841,7.035680983989305
2024-06-15,18,7.86846055523927,2.7490237258699834
2024-06-15,19,2.68116651750779,0.8604157120038902
2024-06-15,20,0.0,0.0
2024-06-15,21,0.0,0.0
2024-06-16,6,190.09828344763972,22.497011793328223
2024-06-16,7,182.89061239458908,25.221137423718353
2024-06-16,8,221.45240746122508,33.27014789564867
2024-06-16,9,180.0241867925139,30.034521225484703
2024-06-16,10,65.84331299574559,12.320462808831216
2024-06-16,11,101.51313546314475,19.750517961845272
2024-06-16,12,47.58353056283765,9.88001510712536
2024-06-16,13,135.24175937076515,27.3116433919414
2024-06-16,14,91.77390418559399,19.51357941370548
2024-06-16,15,59.27535754046097,13.712122479232464
2024-06-16,16,20.424952399247825,5.411231658812451
2024-06-16,17,7.097015181927355,2.1975946729106157
2024-06-16,18,6.116573878054791,1.8473928947456266
2024-06-16,19,2.035445300114284,0.5591092485228232
2024-06-16,20,0.0,0.0
2024-06-16,21,0.0,0.0
2024-06-17,6,116.71935938704101,13.924633706408464
2024-06-17,7,115.94398023082127,16.33689788266643
2024-06-17,8,171.00250503385902,26.37643509264364
2024-06-17,9,209.92293228580988,34.0208173904666
2024-06-17,10,126.77901651666978,23.42992289483268
2024-06-17,11,79.49141900276545,16.11348065969695
2024-06-17,12,81.63427890778576,17.741266383548155
2024-06-17,13,106.02770677918284,23.78367492133816
2024-06-17,14,64.69090166579664,15.673914837633513
2024-06-17,15,57.04909419556779,14.60239308070305
2024-06-17,16,37.676782714601394,10.67311681497936
2024-06-17,17,20.734749158801264,6.6373748037588465
2024-06-17,18,8.028467577274723,2.803519279004629
2024-06-17,19,2.652012700235634,0.8497671880213549
2024-06-17,20,0.0,0.0
2024-06-17,21,0.0,0.0
2024-06-18,6,287.9955878715457,33.68290468580719
2024-06-18,7,301.8752225469567,39.81239118438025
2024-06-18,8,303.2108623835351,41.61032639696594
2024-06-18,9,206.13527055726172,32.676535843620016
2024-06-18,10,64.39208503233135,11.677462205513663
2024-06-18,11,96.87125668969244,20.65256580851767
2024-06-18,12,53.677417291100454,12.367495874906748
2024-06-18,13,42.92278293118679,10.653528688704718
2024-06-18,14,68.89264462513876,18.33170928802355
2024-06-18,15,58.34506472338782,16.52642452505595
2024-06-18,16,46.62821040658806,13.680074234065906
2024-06-18,17,20.495760366601065,7.138891656643034
2024-06-18,18,7.093526478004782,2.7879715028300267
2024-06-18,19,2.3432655109365665,0.8527521167237577
2024-06-18,20,0.0,0.0
2024-06-18,21,0.0,0.0
2024-06-19,6,144.33451702240902,17.24864609969888
2024-06-19,7,192.70020465494488,27.034155718467133
2024-06-19,8,236.40865187671193,35.610702811859724
2024-06-19,9,177.25905189410184,30.211668308675527
2024-06-19,10,224.76779095381937,38.62820309820821
2024-06-19,11,219.89492061952552,37.80285538688164
2024-06-19,12,178.4675448587161,33.39297604436699
2024-06-19,13,146.51831654546493,29.19115235524615
2024-06-19,14,106.3538862943111,24.158283784951074
2024-06-19,15,23.823533857597667,6.488620340682586
2024-06-19,16,12.037285214946394,3.7068301907711825
2024-06-19,17,3.5453076496370954,1.339363568493266
2024-06-19,18,4.141855387050924,1.543748363253158
2024-06-19,19,0.4202748611170131,0.14557231954422764
2024-06-19,20,0.0,0.0
2024-06-19,21,0.0,0.0
2024-06-20,6,198.95098051127854,23.74546566375229
2024-06-20,7,160.30866825829708,22.718358591918545
2024-06-20,8,117.5290664348795,18.632676419605133
2024-06-20,9,143.45541221956202,24.75316700899571
2024-06-20,10,182.58950584728848,32.761139133142834
2024-06-20,11,32.11159425825822,6.0350535375543854
2024-06-20,12,159.1829738417019,29.079924311202856
2024-06-20,13,36.13345414033692,7.549089778916238
2024-06-20,14,49.96878370352242,11.168868800905138
2024-06-20,15,42.91235726053116,10.192807665136382
2024-06-20,16,29.251360508737317,7.581919488323379
2024-06-20,17,23.06587760110342,5.989020088293463
2024-06-20,18,7.463586729806739,2.14137086069907
2024-06-20,19,2.5568803087541454,0.6643163087209021
2024-06-20,20,0.0,0.0
2024-06-20,21,0.0,0.0
2024-06-21,6,274.1724233070916,32.52007851304069
2024-06-21,7,359.2967037763176,45.98941538570479
2024-06-21,8,327.3393579533189,43.54012507752528
2024-06-21,9,232.61701222958925,35.07023275166105
2024-06-21,10,139.36504258421047,24.170491979564915
2024-06-21,11,175.68400632055142,30.01724152998993
2024-06-21,12,201.56126987506593,32.805101491517085
2024-06-21,13,121.94627116066485,22.93374280481275
2024-06-21,14,80.16726333468989,17.002621788359264
2024-06-21,15,90.91617072730477,18.1455980416853
2024-06-21,16,56.07107953626377,12.091259443078085
2024-06-21,17,28.26887623971417,6.727118258611524
2024-06-21,18,6.93508738333959,2.176901510618781
2024-06-21,19,2.866540729209579,0.8202090702552548
2024-06-21,20,0.0,0.0
2024-06-21,21,0.0,0.0
